id,data_inversa,uf,br,municipio,causa_acidente,tipo_acidente,classificacao_acidente,fase_dia,condicao_metereologica,tipo_pista,uso_solo,tipo_veiculo,estado_fisico,idade,sexo
83434314,25/01/16,RN,304,MACAIBA,Dormindo,Colisão lateral,Com Vítimas Feridas,Plena noite,Ceu Claro,Simples,Rural,Caminhão-Trator,Ileso,39.0,M
83434314,25/01/16,RN,304,MACAIBA,Dormindo,Colisão lateral,Com Vítimas Feridas,Plena noite,Ceu Claro,Simples,Rural,Automóvel,Ferido Leve,26.0,M
83434065,26/01/16,RN,304,MOSSORO,Outras,Colisão Transversal,Com Vítimas Feridas,Amanhecer,Ceu Claro,Simples,Urbano,Motocicletas,Ferido Leve,47.0,M
83434065,26/01/16,RN,304,MOSSORO,Outras,Colisão Transversal,Com Vítimas Feridas,Amanhecer,Ceu Claro,Simples,Urbano,Motocicletas,Ignorado,,I
83434065,26/01/16,RN,304,MOSSORO,Outras,Colisão Transversal,Com Vítimas Feridas,Amanhecer,Ceu Claro,Simples,Urbano,Ônibus,Ileso,50.0,M
83434065,26/01/16,RN,304,MOSSORO,Outras,Colisão Transversal,Com Vítimas Feridas,Amanhecer,Ceu Claro,Simples,Urbano,Ônibus,Ignorado,,I
83434065,26/01/16,RN,304,MOSSORO,Outras,Colisão Transversal,Com Vítimas Feridas,Amanhecer,Ceu Claro,Simples,Urbano,Ônibus,Ignorado,,I
83434065,26/01/16,RN,304,MOSSORO,Outras,Colisão Transversal,Com Vítimas Feridas,Amanhecer,Ceu Claro,Simples,Urbano,Ônibus,Ignorado,,I
83433580,26/01/16,RN,406,JOAO CAMARA,Falta de atenção,Colisão lateral,Com Vítimas Feridas,Pleno dia,Ceu Claro,Simples,Urbano,Automóvel,Ileso,47.0,M
83433580,26/01/16,RN,406,JOAO CAMARA,Falta de atenção,Colisão lateral,Com Vítimas Feridas,Pleno dia,Ceu Claro,Simples,Urbano,Motocicletas,Ferido Leve,21.0,M
83433580,26/01/16,RN,406,JOAO CAMARA,Falta de atenção,Colisão lateral,Com Vítimas Feridas,Pleno dia,Ceu Claro,Simples,Urbano,Motocicletas,Ferido Leve,19.0,F
83433690,26/01/16,RN,405,MOSSORO,Outras,Colisão lateral,Com Vítimas Feridas,Pleno dia,Ceu Claro,Dupla,Urbano,Automóvel,Ignorado,,I
83433690,26/01/16,RN,405,MOSSORO,Outras,Colisão lateral,Com Vítimas Feridas,Pleno dia,Ceu Claro,Dupla,Urbano,Motocicletas,Ileso,19.0,M
83433690,26/01/16,RN,405,MOSSORO,Outras,Colisão lateral,Com Vítimas Feridas,Pleno dia,Ceu Claro,Dupla,Urbano,Motocicletas,Ferido Grave,38.0,F
83435185,26/01/16,RN,101,NATAL,Outras,Colisão lateral,Com Vítimas Feridas,Plena noite,Ceu Claro,Dupla,Urbano,Motocicletas,Ferido Leve,24.0,M
83435185,26/01/16,RN,101,NATAL,Outras,Colisão lateral,Com Vítimas Feridas,Plena noite,Ceu Claro,Dupla,Urbano,Motocicletas,Ferido Leve,22.0,F
83435185,26/01/16,RN,101,NATAL,Outras,Colisão lateral,Com Vítimas Feridas,Plena noite,Ceu Claro,Dupla,Urbano,Automóvel,Ileso,63.0,M
83433811,27/01/16,RN,304,SAO PEDRO,Ingestão de álcool,Colisão frontal,Sem Vítimas,Plena noite,Ceu Claro,Simples,Rural,Automóvel,Ileso,25.0,M
83433811,27/01/16,RN,304,SAO PEDRO,Ingestão de álcool,Colisão frontal,Sem Vítimas,Plena noite,Ceu Claro,Simples,Rural,Caminhão,Ileso,46.0,M
83446412,27/01/16,RN,101,GOIANINHA,Outras,Colisão com objeto fixo,Com Vítimas Feridas,Pleno dia,Ceu Claro,Dupla,Urbano,Motocicletas,Ferido Grave,36.0,M
83433846,27/01/16,RN,101,NATAL,Falta de atenção,Queda de motocicleta / bicicleta / veículo,Com Vítimas Feridas,Pleno dia,Sol,Dupla,Urbano,Motocicletas,Ferido Leve,22.0,M
83433846,27/01/16,RN,101,NATAL,Falta de atenção,Queda de motocicleta / bicicleta / veículo,Com Vítimas Feridas,Pleno dia,Sol,Dupla,Urbano,Motocicletas,Ferido Leve,,M
83435049,27/01/16,RN,304,MOSSORO,Falta de atenção,Colisão lateral,Com Vítimas Feridas,Pleno dia,Sol,Simples,Urbano,Automóvel,Ileso,47.0,M
83435049,27/01/16,RN,304,MOSSORO,Falta de atenção,Colisão lateral,Com Vítimas Feridas,Pleno dia,Sol,Simples,Urbano,Motocicletas,Ferido Leve,23.0,F
83480883,27/01/16,RN,101,PARNAMIRIM,Não guardar distância de segurança,Colisão traseira,Sem Vítimas,Pleno dia,Ceu Claro,Dupla,Urbano,Motocicletas,Ileso,27.0,M
83480883,27/01/16,RN,101,PARNAMIRIM,Não guardar distância de segurança,Colisão traseira,Sem Vítimas,Pleno dia,Ceu Claro,Dupla,Urbano,Automóvel,Ileso,68.0,M
83440211,27/01/16,RN,101,PARNAMIRIM,Falta de atenção,Colisão traseira,Sem Vítimas,Plena noite,Ceu Claro,Dupla,Urbano,Ônibus,Ileso,40.0,M
83440211,27/01/16,RN,101,PARNAMIRIM,Falta de atenção,Colisão traseira,Sem Vítimas,Plena noite,Ceu Claro,Dupla,Urbano,Motocicletas,Ileso,43.0,M
83437841,28/01/16,RN,101,RIO DO FOGO,Outras,Saída de Pista,Com Vítimas Feridas,Pleno dia,Sol,Simples,Rural,Automóvel,Ferido Grave,38.0,F
83434216,28/01/16,RN,101,SAO GONCALO DO AMARANTE,Defeito mecânico em veículo,Colisão traseira,Sem Vítimas,Pleno dia,Ceu Claro,Dupla,Urbano,Ônibus,Ileso,42.0,M
83434216,28/01/16,RN,101,SAO GONCALO DO AMARANTE,Defeito mecânico em veículo,Colisão traseira,Sem Vítimas,Pleno dia,Ceu Claro,Dupla,Urbano,Camioneta,Ileso,44.0,M
83434216,28/01/16,RN,101,SAO GONCALO DO AMARANTE,Defeito mecânico em veículo,Colisão traseira,Sem Vítimas,Pleno dia,Ceu Claro,Dupla,Urbano,Caminhão,Ileso,63.0,M
83434126,28/01/16,RN,110,MOSSORO,Outras,Colisão Transversal,Com Vítimas Feridas,Pleno dia,Ceu Claro,Dupla,Urbano,Caminhão,Ileso,60.0,M
83434126,28/01/16,RN,110,MOSSORO,Outras,Colisão Transversal,Com Vítimas Feridas,Pleno dia,Ceu Claro,Dupla,Urbano,Ciclomotor,Ferido Grave,30.0,F
83434275,28/01/16,RN,110,MOSSORO,Ingestão de álcool,Atropelamento de pessoa,Com Vítimas Feridas,Plena noite,Ceu Claro,Simples,Urbano,Motocicletas,Ileso,26.0,M
83434275,28/01/16,RN,110,MOSSORO,Ingestão de álcool,Atropelamento de pessoa,Com Vítimas Feridas,Plena noite,Ceu Claro,Simples,Urbano,,Ferido Grave,37.0,M
83434237,28/01/16,RN,406,SAO GONCALO DO AMARANTE,Falta de atenção,Colisão Transversal,Sem Vítimas,Plena noite,Ceu Claro,Dupla,Rural,Automóvel,Ileso,49.0,F
83434237,28/01/16,RN,406,SAO GONCALO DO AMARANTE,Falta de atenção,Colisão Transversal,Sem Vítimas,Plena noite,Ceu Claro,Dupla,Rural,Automóvel,Ileso,48.0,M
83435373,28/01/16,RN,101,NATAL,Falta de atenção,Colisão com objeto fixo,Com Vítimas Feridas,Plena noite,Ceu Claro,Dupla,Urbano,Automóvel,Ferido Leve,21.0,M
83435373,28/01/16,RN,101,NATAL,Falta de atenção,Colisão com objeto fixo,Com Vítimas Feridas,Plena noite,Ceu Claro,Dupla,Urbano,Automóvel,Ferido Leve,,F
83435373,28/01/16,RN,101,NATAL,Falta de atenção,Colisão com objeto fixo,Com Vítimas Feridas,Plena noite,Ceu Claro,Dupla,Urbano,Automóvel,Ileso,20.0,F
83434323,29/01/16,RN,304,MOSSORO,Falta de atenção,Colisão lateral,Com Vítimas Feridas,Pleno dia,Ceu Claro,Dupla,Rural,Caminhonete,Ileso,35.0,M
83434323,29/01/16,RN,304,MOSSORO,Falta de atenção,Colisão lateral,Com Vítimas Feridas,Pleno dia,Ceu Claro,Dupla,Rural,Ciclomotor,Ferido Leve,57.0,M
83434323,29/01/16,RN,304,MOSSORO,Falta de atenção,Colisão lateral,Com Vítimas Feridas,Pleno dia,Ceu Claro,Dupla,Rural,Ciclomotor,Ferido Leve,21.0,F
83434323,29/01/16,RN,304,MOSSORO,Falta de atenção,Colisão lateral,Com Vítimas Feridas,Pleno dia,Ceu Claro,Dupla,Rural,Caminhonete,Ileso,40.0,M
83434448,29/01/16,RN,101,GOIANINHA,Não guardar distância de segurança,Colisão traseira,Com Vítimas Feridas,Pleno dia,Ceu Claro,Dupla,Urbano,Automóvel,Ileso,19.0,M
83434448,29/01/16,RN,101,GOIANINHA,Não guardar distância de segurança,Colisão traseira,Com Vítimas Feridas,Pleno dia,Ceu Claro,Dupla,Urbano,Automóvel,Ileso,28.0,M
83434448,29/01/16,RN,101,GOIANINHA,Não guardar distância de segurança,Colisão traseira,Com Vítimas Feridas,Pleno dia,Ceu Claro,Dupla,Urbano,Caminhonete,Ileso,53.0,M
83434448,29/01/16,RN,101,GOIANINHA,Não guardar distância de segurança,Colisão traseira,Com Vítimas Feridas,Pleno dia,Ceu Claro,Dupla,Urbano,Caminhonete,Ferido Leve,41.0,F
83434448,29/01/16,RN,101,GOIANINHA,Não guardar distância de segurança,Colisão traseira,Com Vítimas Feridas,Pleno dia,Ceu Claro,Dupla,Urbano,Caminhonete,Ferido Leve,82.0,M
83434448,29/01/16,RN,101,GOIANINHA,Não guardar distância de segurança,Colisão traseira,Com Vítimas Feridas,Pleno dia,Ceu Claro,Dupla,Urbano,Caminhonete,Ferido Leve,,F
83434577,29/01/16,RN,101,SAO GONCALO DO AMARANTE,Animais na Pista,Atropelamento de animal,Com Vítimas Fatais,Plena noite,Ceu Claro,Dupla,Urbano,Motocicletas,Morto,23.0,M
83434557,29/01/16,RN,304,MOSSORO,Outras,Tombamento,Sem Vítimas,Plena noite,Chuva,Simples,Urbano,Utilitário,Ileso,47.0,M
83436061,30/01/16,RN,226,NATAL,Falta de atenção,Colisão lateral,Com Vítimas Feridas,Pleno dia,Ceu Claro,Simples,Urbano,Ônibus,Ileso,27.0,M
83436061,30/01/16,RN,226,NATAL,Falta de atenção,Colisão lateral,Com Vítimas Feridas,Pleno dia,Ceu Claro,Simples,Urbano,Motocicletas,Ferido Leve,56.0,M
83434856,30/01/16,RN,101,SAO GONCALO DO AMARANTE,Velocidade incompatível,Atropelamento de pessoa,Com Vítimas Feridas,Pleno dia,Ceu Claro,Dupla,Urbano,Motocicletas,Ileso,,M
83434856,30/01/16,RN,101,SAO GONCALO DO AMARANTE,Velocidade incompatível,Atropelamento de pessoa,Com Vítimas Feridas,Pleno dia,Ceu Claro,Dupla,Urbano,,Ferido Leve,59.0,F
83434801,30/01/16,RN,226,JUCURUTU,Outras,Saída de Pista,Com Vítimas Feridas,Pleno dia,Chuva,Simples,Rural,Automóvel,Ferido Grave,33.0,M
83436722,30/01/16,RN,101,NATAL,Outras,Colisão com bicicleta,Com Vítimas Feridas,Plena noite,Ceu Claro,Dupla,Urbano,Motocicletas,Ferido Leve,28.0,M
83436722,30/01/16,RN,101,NATAL,Outras,Colisão com bicicleta,Com Vítimas Feridas,Plena noite,Ceu Claro,Dupla,Urbano,Bicicleta,Ferido Leve,,M
83435957,31/01/16,RN,304,MOSSORO,Outras,Queda de motocicleta / bicicleta / veículo,Com Vítimas Feridas,Plena noite,Ceu Claro,Simples,Urbano,Ciclomotor,Ferido Leve,,F
83435957,31/01/16,RN,304,MOSSORO,Outras,Queda de motocicleta / bicicleta / veículo,Com Vítimas Feridas,Plena noite,Ceu Claro,Simples,Urbano,Ciclomotor,Ferido Leve,20.0,F
83449999,31/01/16,RN,304,FERNANDO PEDROZA,Ingestão de álcool,Colisão frontal,Sem Vítimas,Amanhecer,Ceu Claro,Simples,Urbano,Caminhão-Trator,Ileso,53.0,M
83449999,31/01/16,RN,304,FERNANDO PEDROZA,Ingestão de álcool,Colisão frontal,Sem Vítimas,Amanhecer,Ceu Claro,Simples,Urbano,Automóvel,Ignorado,19.0,M
83449999,31/01/16,RN,304,FERNANDO PEDROZA,Ingestão de álcool,Colisão frontal,Sem Vítimas,Amanhecer,Ceu Claro,Simples,Urbano,Automóvel,Ignorado,19.0,M
83449999,31/01/16,RN,304,FERNANDO PEDROZA,Ingestão de álcool,Colisão frontal,Sem Vítimas,Amanhecer,Ceu Claro,Simples,Urbano,Automóvel,Ignorado,17.0,M
83449999,31/01/16,RN,304,FERNANDO PEDROZA,Ingestão de álcool,Colisão frontal,Sem Vítimas,Amanhecer,Ceu Claro,Simples,Urbano,Automóvel,Ignorado,,M
83435104,31/01/16,RN,405,RAFAEL FERNANDES,Outras,Colisão Transversal,Com Vítimas Fatais,Pleno dia,Sol,Simples,Rural,Automóvel,Ignorado,,I
83435104,31/01/16,RN,405,RAFAEL FERNANDES,Outras,Colisão Transversal,Com Vítimas Fatais,Pleno dia,Sol,Simples,Rural,Motocicletas,Morto,16.0,M
83435072,31/01/16,RN,101,GOIANINHA,Outras,Capotamento,Ignorado,Pleno dia,Ceu Claro,Dupla,Rural,Automóvel,Ignorado,,M
83464915,31/01/16,RN,304,MOSSORO,Falta de atenção,Queda de motocicleta / bicicleta / veículo,Com Vítimas Feridas,Pleno dia,Nublado,Dupla,Urbano,Ciclomotor,Ferido Grave,62.0,M
83464915,31/01/16,RN,304,MOSSORO,Falta de atenção,Queda de motocicleta / bicicleta / veículo,Com Vítimas Feridas,Pleno dia,Nublado,Dupla,Urbano,Ciclomotor,Ferido Grave,58.0,F
83435038,31/01/16,RN,405,RAFAEL FERNANDES,Outras,Queda de motocicleta / bicicleta / veículo,Com Vítimas Feridas,Pleno dia,Nublado,Simples,Rural,Motoneta,Ferido Grave,50.0,M
83435078,31/01/16,RN,101,PARNAMIRIM,Outras,Atropelamento de pessoa,Com Vítimas Fatais,Plena noite,Ceu Claro,Dupla,Urbano,Motocicletas,Ferido Grave,23.0,M
83435078,31/01/16,RN,101,PARNAMIRIM,Outras,Atropelamento de pessoa,Com Vítimas Fatais,Plena noite,Ceu Claro,Dupla,Urbano,,Morto,,M
83435811,01/02/16,RN,304,MOSSORO,Velocidade incompatível,Queda de motocicleta / bicicleta / veículo,Com Vítimas Fatais,Amanhecer,Nublado,Dupla,Urbano,Motocicletas,Morto,,M
83435811,01/02/16,RN,304,MOSSORO,Velocidade incompatível,Queda de motocicleta / bicicleta / veículo,Com Vítimas Fatais,Amanhecer,Nublado,Dupla,Urbano,Motocicletas,Ferido Grave,34.0,M
83435432,01/02/16,RN,226,NATAL,Ingestão de álcool,Colisão traseira,Com Vítimas Feridas,Pleno dia,Nublado,Simples,Urbano,Motoneta,Ferido Grave,,M
83435432,01/02/16,RN,226,NATAL,Ingestão de álcool,Colisão traseira,Com Vítimas Feridas,Pleno dia,Nublado,Simples,Urbano,Automóvel,Ileso,49.0,M
83440140,01/02/16,RN,304,ANGICOS,Outras,Capotamento,Com Vítimas Feridas,Pleno dia,Ceu Claro,Simples,Rural,Automóvel,Ferido Leve,,M
83438984,01/02/16,RN,101,NATAL,Falta de atenção,Colisão traseira,Sem Vítimas,Pleno dia,Sol,Dupla,Urbano,Caminhão,Ileso,35.0,M
83438984,01/02/16,RN,101,NATAL,Falta de atenção,Colisão traseira,Sem Vítimas,Pleno dia,Sol,Dupla,Urbano,Automóvel,Ileso,68.0,M
83438984,01/02/16,RN,101,NATAL,Falta de atenção,Colisão traseira,Sem Vítimas,Pleno dia,Sol,Dupla,Urbano,Automóvel,Ileso,29.0,M
83438984,01/02/16,RN,101,NATAL,Falta de atenção,Colisão traseira,Sem Vítimas,Pleno dia,Sol,Dupla,Urbano,Automóvel,Ileso,35.0,F
83438984,01/02/16,RN,101,NATAL,Falta de atenção,Colisão traseira,Sem Vítimas,Pleno dia,Sol,Dupla,Urbano,Automóvel,Ileso,40.0,M
83435294,01/02/16,RN,406,CEARA-MIRIM,Outras,Colisão Transversal,Sem Vítimas,Pleno dia,Nublado,Simples,Rural,Caminhonete,Ileso,38.0,M
83435294,01/02/16,RN,406,CEARA-MIRIM,Outras,Colisão Transversal,Sem Vítimas,Pleno dia,Nublado,Simples,Rural,Automóvel,Ileso,,M
83435609,02/02/16,RN,405,RAFAEL FERNANDES,Outras,Colisão com bicicleta,Com Vítimas Fatais,Amanhecer,Nublado,Simples,Rural,Motocicletas,Morto,37.0,F
83435609,02/02/16,RN,405,RAFAEL FERNANDES,Outras,Colisão com bicicleta,Com Vítimas Fatais,Amanhecer,Nublado,Simples,Rural,Bicicleta,Ferido Leve,69.0,M
83435591,02/02/16,RN,304,MOSSORO,Ingestão de álcool,Colisão lateral,Com Vítimas Feridas,Pleno dia,Nublado,Simples,Rural,Caminhonete,Ferido Leve,42.0,M
83435591,02/02/16,RN,304,MOSSORO,Ingestão de álcool,Colisão lateral,Com Vítimas Feridas,Pleno dia,Nublado,Simples,Rural,Automóvel,Ileso,40.0,M
83446511,02/02/16,RN,304,MACAIBA,Não guardar distância de segurança,Colisão traseira,Com Vítimas Feridas,Pleno dia,Sol,Simples,Rural,Automóvel,Ileso,37.0,M
83446511,02/02/16,RN,304,MACAIBA,Não guardar distância de segurança,Colisão traseira,Com Vítimas Feridas,Pleno dia,Sol,Simples,Rural,Motocicletas,Ferido Leve,59.0,M
83446511,02/02/16,RN,304,MACAIBA,Não guardar distância de segurança,Colisão traseira,Com Vítimas Feridas,Pleno dia,Sol,Simples,Rural,Motocicletas,Ileso,,F
83435718,02/02/16,RN,101,PARNAMIRIM,Desobediência à sinalização,Colisão Transversal,Com Vítimas Feridas,Pleno dia,Ceu Claro,Dupla,Urbano,Automóvel,Ileso,52.0,M
83435718,02/02/16,RN,101,PARNAMIRIM,Desobediência à sinalização,Colisão Transversal,Com Vítimas Feridas,Pleno dia,Ceu Claro,Dupla,Urbano,Automóvel,Ferido Grave,55.0,F
83435718,02/02/16,RN,101,PARNAMIRIM,Desobediência à sinalização,Colisão Transversal,Com Vítimas Feridas,Pleno dia,Ceu Claro,Dupla,Urbano,Caminhonete,Ileso,28.0,M
83435669,02/02/16,RN,101,PARNAMIRIM,Falta de atenção,Colisão com bicicleta,Com Vítimas Fatais,Pleno dia,Sol,Dupla,Rural,Microônibus,Ileso,33.0,M
83435669,02/02/16,RN,101,PARNAMIRIM,Falta de atenção,Colisão com bicicleta,Com Vítimas Fatais,Pleno dia,Sol,Dupla,Rural,Bicicleta,Morto,71.0,M
83435684,02/02/16,RN,101,PARNAMIRIM,Defeito mecânico em veículo,Queda de motocicleta / bicicleta / veículo,Com Vítimas Feridas,Pleno dia,Ceu Claro,Dupla,Urbano,Motocicletas,Ferido Leve,34.0,M
83435684,02/02/16,RN,101,PARNAMIRIM,Defeito mecânico em veículo,Queda de motocicleta / bicicleta / veículo,Com Vítimas Feridas,Pleno dia,Ceu Claro,Dupla,Urbano,Motocicletas,Ferido Leve,42.0,F
83436177,02/02/16,RN,101,NATAL,Falta de atenção,Colisão Transversal,Com Vítimas Feridas,Pleno dia,Sol,Dupla,Urbano,Caminhonete,Ileso,60.0,M
83436177,02/02/16,RN,101,NATAL,Falta de atenção,Colisão Transversal,Com Vítimas Feridas,Pleno dia,Sol,Dupla,Urbano,Ciclomotor,Ileso,41.0,M
83436177,02/02/16,RN,101,NATAL,Falta de atenção,Colisão Transversal,Com Vítimas Feridas,Pleno dia,Sol,Dupla,Urbano,Ciclomotor,Ferido Leve,43.0,F
83435963,03/02/16,RN,110,MOSSORO,Desobediência à sinalização,Colisão Transversal,Com Vítimas Feridas,Pleno dia,Nublado,Dupla,Urbano,Motocicletas,Ferido Grave,20.0,M
83435963,03/02/16,RN,110,MOSSORO,Desobediência à sinalização,Colisão Transversal,Com Vítimas Feridas,Pleno dia,Nublado,Dupla,Urbano,Automóvel,Ferido Leve,39.0,F
83435939,03/02/16,RN,304,MACAIBA,Defeito mecânico em veículo,Colisão lateral,Com Vítimas Feridas,Pleno dia,Ceu Claro,Dupla,Urbano,Automóvel,Ileso,20.0,F
83435939,03/02/16,RN,304,MACAIBA,Defeito mecânico em veículo,Colisão lateral,Com Vítimas Feridas,Pleno dia,Ceu Claro,Dupla,Urbano,Motocicletas,Ferido Leve,27.0,M
83435997,03/02/16,RN,427,CAICO,Outras,Colisão Transversal,Com Vítimas Feridas,Plena noite,Ceu Claro,Simples,Urbano,Automóvel,Ileso,58.0,M
83435997,03/02/16,RN,427,CAICO,Outras,Colisão Transversal,Com Vítimas Feridas,Plena noite,Ceu Claro,Simples,Urbano,Motocicletas,Ferido Leve,19.0,M
83435997,03/02/16,RN,427,CAICO,Outras,Colisão Transversal,Com Vítimas Feridas,Plena noite,Ceu Claro,Simples,Urbano,Motocicletas,Ferido Leve,15.0,M
83436034,03/02/16,RN,406,CEARA-MIRIM,Animais na Pista,Atropelamento de animal,Com Vítimas Feridas,Plena noite,Ceu Claro,Simples,Rural,Motocicletas,Ferido Leve,32.0,M
83436071,04/02/16,RN,405,MOSSORO,Dormindo,Tombamento,Com Vítimas Feridas,Plena noite,Ceu Claro,Simples,Rural,Caminhão,Ferido Leve,35.0,M
83437228,04/02/16,RN,101,CANGUARETAMA,Dormindo,Colisão traseira,Sem Vítimas,Plena noite,Ceu Claro,Dupla,Urbano,Caminhão,Ileso,36.0,M
83437228,04/02/16,RN,101,CANGUARETAMA,Dormindo,Colisão traseira,Sem Vítimas,Plena noite,Ceu Claro,Dupla,Urbano,Automóvel,Ileso,3.0,M
83436314,04/02/16,RN,226,CURRAIS NOVOS,Falta de atenção,Capotamento,Sem Vítimas,Pleno dia,Ceu Claro,Simples,Rural,Automóvel,Ileso,52.0,M
83436579,04/02/16,RN,304,MOSSORO,Outras,Colisão traseira,Sem Vítimas,Plena noite,Ceu Claro,Dupla,Urbano,Automóvel,Ileso,31.0,M
83436579,04/02/16,RN,304,MOSSORO,Outras,Colisão traseira,Sem Vítimas,Plena noite,Ceu Claro,Dupla,Urbano,Automóvel,Ileso,44.0,F
83436579,04/02/16,RN,304,MOSSORO,Outras,Colisão traseira,Sem Vítimas,Plena noite,Ceu Claro,Dupla,Urbano,Automóvel,Ignorado,,I
83437643,04/02/16,RN,304,MOSSORO,Outras,Queda de motocicleta / bicicleta / veículo,Com Vítimas Feridas,Plena noite,Ceu Claro,Dupla,Urbano,Motocicletas,Ferido Grave,21.0,M
83436365,04/02/16,RN,304,ASSU,Defeito mecânico em veículo,Tombamento,Com Vítimas Feridas,Plena noite,Ceu Claro,Simples,Urbano,Caminhão,Ferido Leve,43.0,M
83436365,04/02/16,RN,304,ASSU,Defeito mecânico em veículo,Tombamento,Com Vítimas Feridas,Plena noite,Ceu Claro,Simples,Urbano,Caminhão,Ileso,22.0,M
83436365,04/02/16,RN,304,ASSU,Defeito mecânico em veículo,Tombamento,Com Vítimas Feridas,Plena noite,Ceu Claro,Simples,Urbano,Caminhão,Ileso,20.0,F
83439619,05/02/16,RN,101,PARNAMIRIM,Outras,Colisão lateral,Sem Vítimas,Pleno dia,Ceu Claro,Dupla,Urbano,Automóvel,Ileso,29.0,M
83439619,05/02/16,RN,101,PARNAMIRIM,Outras,Colisão lateral,Sem Vítimas,Pleno dia,Ceu Claro,Dupla,Urbano,Caminhão,Ignorado,,I
83439718,05/02/16,RN,101,NATAL,Falta de atenção,Colisão lateral,Sem Vítimas,Pleno dia,Ceu Claro,Dupla,Rural,Caminhão,Ileso,40.0,M
83439718,05/02/16,RN,101,NATAL,Falta de atenção,Colisão lateral,Sem Vítimas,Pleno dia,Ceu Claro,Dupla,Rural,Motocicletas,Ileso,32.0,M
83436874,05/02/16,RN,101,NATAL,Falta de atenção,Colisão Transversal,Sem Vítimas,Pleno dia,Ceu Claro,Dupla,Urbano,Automóvel,Ileso,59.0,M
83436874,05/02/16,RN,101,NATAL,Falta de atenção,Colisão Transversal,Sem Vítimas,Pleno dia,Ceu Claro,Dupla,Urbano,Caminhão-Trator,Ileso,55.0,M
83436542,05/02/16,RN,101,NATAL,Outras,Colisão Transversal,Sem Vítimas,Pleno dia,Ceu Claro,Simples,Urbano,Automóvel,Ileso,46.0,F
83436542,05/02/16,RN,101,NATAL,Outras,Colisão Transversal,Sem Vítimas,Pleno dia,Ceu Claro,Simples,Urbano,Caminhão,Ileso,68.0,M
83436636,05/02/16,RN,405,APODI,Outras,Colisão traseira,Sem Vítimas,Pleno dia,Ceu Claro,Simples,Rural,Motocicletas,Ileso,26.0,F
83436636,05/02/16,RN,405,APODI,Outras,Colisão traseira,Sem Vítimas,Pleno dia,Ceu Claro,Simples,Rural,Automóvel,Ileso,24.0,M
83438374,05/02/16,RN,101,PARNAMIRIM,Falta de atenção,Colisão traseira,Com Vítimas Feridas,Plena noite,Ceu Claro,Dupla,Urbano,Motocicletas,Ferido Leve,28.0,M
83438374,05/02/16,RN,101,PARNAMIRIM,Falta de atenção,Colisão traseira,Com Vítimas Feridas,Plena noite,Ceu Claro,Dupla,Urbano,Caminhonete,Ignorado,,I
83437715,05/02/16,RN,101,GOIANINHA,Não guardar distância de segurança,Colisão traseira,Com Vítimas Feridas,Plena noite,Ceu Claro,Dupla,Urbano,Caminhonete,Ileso,24.0,M
83437715,05/02/16,RN,101,GOIANINHA,Não guardar distância de segurança,Colisão traseira,Com Vítimas Feridas,Plena noite,Ceu Claro,Dupla,Urbano,Motocicletas,Ferido Leve,21.0,M
83437802,06/02/16,RN,101,NATAL,Falta de atenção,Colisão lateral,Com Vítimas Feridas,Pleno dia,Nublado,Múltipla,Urbano,Motocicletas,Ferido Grave,23.0,M
83437802,06/02/16,RN,101,NATAL,Falta de atenção,Colisão lateral,Com Vítimas Feridas,Pleno dia,Nublado,Múltipla,Urbano,Automóvel,Ileso,31.0,M
83437961,06/02/16,RN,304,MACAIBA,Não guardar distância de segurança,Colisão traseira,Com Vítimas Feridas,Pleno dia,Ceu Claro,Simples,Rural,Caminhonete,Ileso,48.0,M
83437961,06/02/16,RN,304,MACAIBA,Não guardar distância de segurança,Colisão traseira,Com Vítimas Feridas,Pleno dia,Ceu Claro,Simples,Rural,Motocicletas,Ferido Leve,34.0,M
83436983,06/02/16,RN,101,SAO JOSE DE MIPIBU,Animais na Pista,Atropelamento de animal,Com Vítimas Feridas,Plena noite,Ceu Claro,Dupla,Rural,Motocicletas,Ferido Leve,37.0,M
83437956,06/02/16,RN,226,MACAIBA,Ingestão de álcool,Colisão traseira,Sem Vítimas,Plena noite,Ceu Claro,Simples,Urbano,Automóvel,Ileso,31.0,M
83437956,06/02/16,RN,226,MACAIBA,Ingestão de álcool,Colisão traseira,Sem Vítimas,Plena noite,Ceu Claro,Simples,Urbano,Automóvel,Ileso,38.0,M
83437119,06/02/16,RN,427,ACARI,Ingestão de álcool,Colisão lateral,Com Vítimas Feridas,Plena noite,Ceu Claro,Simples,Urbano,Motocicletas,Ferido Leve,26.0,M
83437119,06/02/16,RN,427,ACARI,Ingestão de álcool,Colisão lateral,Com Vítimas Feridas,Plena noite,Ceu Claro,Simples,Urbano,Motoneta,Ferido Leve,,F
83437119,06/02/16,RN,427,ACARI,Ingestão de álcool,Colisão lateral,Com Vítimas Feridas,Plena noite,Ceu Claro,Simples,Urbano,Motoneta,Ferido Grave,,F
83437099,06/02/16,RN,226,NATAL,Falta de atenção,Colisão frontal,Com Vítimas Feridas,Plena noite,Ceu Claro,Simples,Urbano,Automóvel,Ileso,40.0,M
83437099,06/02/16,RN,226,NATAL,Falta de atenção,Colisão frontal,Com Vítimas Feridas,Plena noite,Ceu Claro,Simples,Urbano,Automóvel,Ileso,17.0,M