id,data_inversa,uf,br,municipio,causa_acidente,tipo_acidente,classificacao_acidente,fase_dia,condicao_metereologica,tipo_pista,uso_solo,tipo_veiculo,estado_fisico,idade,sexo
83437099,06/02/16,RN,226,NATAL,Falta de atenção,Colisão frontal,Com Vítimas Feridas,Plena noite,Ceu Claro,Simples,Urbano,Automóvel,Ileso,43.0,M
83437099,06/02/16,RN,226,NATAL,Falta de atenção,Colisão frontal,Com Vítimas Feridas,Plena noite,Ceu Claro,Simples,Urbano,Ciclomotor,Ferido Leve,29.0,M
83437065,07/02/16,RN,101,SAO GONCALO DO AMARANTE,Ingestão de álcool,Capotamento,Sem Vítimas,Plena noite,Ceu Claro,Dupla,Urbano,Automóvel,Ileso,40.0,M
83437340,07/02/16,RN,101,NATAL,Ingestão de álcool,Tombamento,Com Vítimas Feridas,Plena noite,Ceu Claro,Múltipla,Urbano,Motocicletas,Ferido Leve,22.0,M
83437134,07/02/16,RN,101,SAO JOSE DE MIPIBU,Falta de atenção,Atropelamento de pessoa,Com Vítimas Feridas,Plena noite,Ceu Claro,Dupla,Urbano,,Ferido Leve,22.0,M
83437134,07/02/16,RN,101,SAO JOSE DE MIPIBU,Falta de atenção,Atropelamento de pessoa,Com Vítimas Feridas,Plena noite,Ceu Claro,Dupla,Urbano,Automóvel,Ignorado,,I
83437283,07/02/16,RN,304,MOSSORO,Defeito mecânico em veículo,Saída de Pista,Com Vítimas Feridas,Plena noite,Ceu Claro,Simples,Rural,Motocicletas,Ileso,34.0,M
83437283,07/02/16,RN,304,MOSSORO,Defeito mecânico em veículo,Saída de Pista,Com Vítimas Feridas,Plena noite,Ceu Claro,Simples,Rural,Motocicletas,Ferido Leve,23.0,M
83437353,07/02/16,RN,101,SAO JOSE DE MIPIBU,Outras,Colisão com objeto fixo,Com Vítimas Feridas,Plena noite,Ceu Claro,Dupla,Rural,Caminhão,Ferido Grave,31.0,M
83437350,07/02/16,RN,101,SAO GONCALO DO AMARANTE,Ingestão de álcool,Colisão Transversal,Sem Vítimas,Plena noite,Ceu Claro,Dupla,Urbano,Automóvel,Ileso,35.0,M
83437350,07/02/16,RN,101,SAO GONCALO DO AMARANTE,Ingestão de álcool,Colisão Transversal,Sem Vítimas,Plena noite,Ceu Claro,Dupla,Urbano,Automóvel,Ileso,58.0,F
83438289,07/02/16,RN,226,CURRAIS NOVOS,Animais na Pista,Colisão traseira,Com Vítimas Feridas,Plena noite,Ceu Claro,Simples,Urbano,Automóvel,Ileso,34.0,M
83438289,07/02/16,RN,226,CURRAIS NOVOS,Animais na Pista,Colisão traseira,Com Vítimas Feridas,Plena noite,Ceu Claro,Simples,Urbano,Motocicletas,Ferido Leve,54.0,M
83438289,07/02/16,RN,226,CURRAIS NOVOS,Animais na Pista,Colisão traseira,Com Vítimas Feridas,Plena noite,Ceu Claro,Simples,Urbano,Motocicletas,Ferido Leve,41.0,M
83438736,08/02/16,RN,304,ASSU,Ingestão de álcool,Colisão frontal,Com Vítimas Feridas,Plena noite,Ceu Claro,Simples,Rural,Automóvel,Ferido Leve,,M
83438736,08/02/16,RN,304,ASSU,Ingestão de álcool,Colisão frontal,Com Vítimas Feridas,Plena noite,Ceu Claro,Simples,Rural,Automóvel,Ferido Leve,32.0,F
83438736,08/02/16,RN,304,ASSU,Ingestão de álcool,Colisão frontal,Com Vítimas Feridas,Plena noite,Ceu Claro,Simples,Rural,Automóvel,Ileso,1.0,M
83438736,08/02/16,RN,304,ASSU,Ingestão de álcool,Colisão frontal,Com Vítimas Feridas,Plena noite,Ceu Claro,Simples,Rural,Automóvel,Ferido Leve,38.0,M
83437631,09/02/16,RN,304,MOSSORO,Animais na Pista,Atropelamento de animal,Sem Vítimas,Plena noite,Ceu Claro,Simples,Rural,Caminhonete,Ileso,65.0,M
83438584,09/02/16,RN,101,PARNAMIRIM,Não guardar distância de segurança,Colisão traseira,Com Vítimas Feridas,Pleno dia,Ceu Claro,Múltipla,Urbano,Motocicletas,Ferido Leve,19.0,M
83438584,09/02/16,RN,101,PARNAMIRIM,Não guardar distância de segurança,Colisão traseira,Com Vítimas Feridas,Pleno dia,Ceu Claro,Múltipla,Urbano,Motocicletas,Ferido Leve,22.0,M
83438584,09/02/16,RN,101,PARNAMIRIM,Não guardar distância de segurança,Colisão traseira,Com Vítimas Feridas,Pleno dia,Ceu Claro,Múltipla,Urbano,Caminhonete,Ileso,50.0,M
83447935,09/02/16,RN,101,PARNAMIRIM,Desobediência à sinalização,Colisão Transversal,Com Vítimas Feridas,Pleno dia,Ceu Claro,Dupla,Urbano,Bicicleta,Ignorado,,M
83447935,09/02/16,RN,101,PARNAMIRIM,Desobediência à sinalização,Colisão Transversal,Com Vítimas Feridas,Pleno dia,Ceu Claro,Dupla,Urbano,Motocicletas,Ferido Grave,26.0,M
83447935,09/02/16,RN,101,PARNAMIRIM,Desobediência à sinalização,Colisão Transversal,Com Vítimas Feridas,Pleno dia,Ceu Claro,Dupla,Urbano,Motocicletas,Ferido Leve,14.0,M
83437803,09/02/16,RN,304,MOSSORO,Defeito na via,Saída de Pista,Sem Vítimas,Pleno dia,Chuva,Dupla,Urbano,Camioneta,Ileso,30.0,M
83438688,09/02/16,RN,226,SANTA CRUZ,Outras,Colisão Transversal,Com Vítimas Feridas,Pleno dia,Ceu Claro,Simples,Urbano,Automóvel,Ileso,32.0,M
83438688,09/02/16,RN,226,SANTA CRUZ,Outras,Colisão Transversal,Com Vítimas Feridas,Pleno dia,Ceu Claro,Simples,Urbano,Motocicletas,Ferido Grave,31.0,M
83440144,09/02/16,RN,304,CAICARA DO RIO DO VENTO,Outras,Atropelamento de pessoa,Com Vítimas Fatais,Plena noite,Ceu Claro,Simples,Rural,Motocicletas,Ferido Grave,30.0,M
83440144,09/02/16,RN,304,CAICARA DO RIO DO VENTO,Outras,Atropelamento de pessoa,Com Vítimas Fatais,Plena noite,Ceu Claro,Simples,Rural,Motocicletas,Ferido Leve,21.0,F
83440144,09/02/16,RN,304,CAICARA DO RIO DO VENTO,Outras,Atropelamento de pessoa,Com Vítimas Fatais,Plena noite,Ceu Claro,Simples,Rural,,Morto,54.0,M
83437917,09/02/16,RN,304,MOSSORO,Ingestão de álcool,Saída de Pista,Sem Vítimas,Plena noite,Ceu Claro,Dupla,Rural,Automóvel,Ileso,37.0,M
83439103,10/02/16,RN,226,BOM JESUS,Não guardar distância de segurança,Colisão traseira,Sem Vítimas,Pleno dia,Ceu Claro,Simples,Urbano,Utilitário,Ignorado,,M
83439103,10/02/16,RN,226,BOM JESUS,Não guardar distância de segurança,Colisão traseira,Sem Vítimas,Pleno dia,Ceu Claro,Simples,Urbano,Camioneta,Ileso,27.0,M
83439103,10/02/16,RN,226,BOM JESUS,Não guardar distância de segurança,Colisão traseira,Sem Vítimas,Pleno dia,Ceu Claro,Simples,Urbano,Automóvel,Ileso,38.0,M
83439103,10/02/16,RN,226,BOM JESUS,Não guardar distância de segurança,Colisão traseira,Sem Vítimas,Pleno dia,Ceu Claro,Simples,Urbano,Automóvel,Ileso,43.0,F
83439103,10/02/16,RN,226,BOM JESUS,Não guardar distância de segurança,Colisão traseira,Sem Vítimas,Pleno dia,Ceu Claro,Simples,Urbano,Automóvel,Ileso,34.0,M
83438208,10/02/16,RN,226,BOM JESUS,Não guardar distância de segurança,Colisão traseira,Sem Vítimas,Pleno dia,Nublado,Simples,Rural,Ônibus,Ileso,45.0,M
83438208,10/02/16,RN,226,BOM JESUS,Não guardar distância de segurança,Colisão traseira,Sem Vítimas,Pleno dia,Nublado,Simples,Rural,Automóvel,Ileso,26.0,M
83438208,10/02/16,RN,226,BOM JESUS,Não guardar distância de segurança,Colisão traseira,Sem Vítimas,Pleno dia,Nublado,Simples,Rural,Utilitário,Ileso,33.0,M
83438232,10/02/16,RN,304,MACAIBA,Ingestão de álcool,Queda de motocicleta / bicicleta / veículo,Com Vítimas Feridas,Plena noite,Ceu Claro,Simples,Rural,Motocicletas,Ferido Leve,,M
83438495,11/02/16,RN,304,MOSSORO,Defeito mecânico em veículo,Queda de motocicleta / bicicleta / veículo,Com Vítimas Feridas,Plena noite,Ceu Claro,Simples,Urbano,Motocicletas,Ferido Grave,46.0,M
83438495,11/02/16,RN,304,MOSSORO,Defeito mecânico em veículo,Queda de motocicleta / bicicleta / veículo,Com Vítimas Feridas,Plena noite,Ceu Claro,Simples,Urbano,Motocicletas,Ferido Grave,,M
83438646,12/02/16,RN,101,SAO JOSE DE MIPIBU,Falta de atenção,Colisão Transversal,Com Vítimas Fatais,Pleno dia,Ceu Claro,Múltipla,Rural,Automóvel,Ileso,28.0,M
83438646,12/02/16,RN,101,SAO JOSE DE MIPIBU,Falta de atenção,Colisão Transversal,Com Vítimas Fatais,Pleno dia,Ceu Claro,Múltipla,Rural,Ciclomotor,Morto,72.0,M
83438646,12/02/16,RN,101,SAO JOSE DE MIPIBU,Falta de atenção,Colisão Transversal,Com Vítimas Fatais,Pleno dia,Ceu Claro,Múltipla,Rural,Ciclomotor,Ferido Grave,62.0,F
83438715,12/02/16,RN,226,PAU DOS FERROS,Desobediência à sinalização,Colisão Transversal,Com Vítimas Feridas,Pleno dia,Ceu Claro,Simples,Rural,Motocicletas,Ferido Leve,75.0,M
83438715,12/02/16,RN,226,PAU DOS FERROS,Desobediência à sinalização,Colisão Transversal,Com Vítimas Feridas,Pleno dia,Ceu Claro,Simples,Rural,Automóvel,Ignorado,,I
83438810,13/02/16,RN,101,NATAL,Não guardar distância de segurança,Colisão lateral,Com Vítimas Feridas,Plena noite,Vento,Dupla,Urbano,Motocicletas,Ferido Leve,30.0,M
83438810,13/02/16,RN,101,NATAL,Não guardar distância de segurança,Colisão lateral,Com Vítimas Feridas,Plena noite,Vento,Dupla,Urbano,Motocicletas,Ferido Leve,,F
83438810,13/02/16,RN,101,NATAL,Não guardar distância de segurança,Colisão lateral,Com Vítimas Feridas,Plena noite,Vento,Dupla,Urbano,Automóvel,Ileso,,I
83439723,13/02/16,RN,101,NATAL,Outras,Colisão traseira,Com Vítimas Feridas,Plena noite,Ceu Claro,Múltipla,Urbano,Automóvel,Ileso,38.0,F
83439723,13/02/16,RN,101,NATAL,Outras,Colisão traseira,Com Vítimas Feridas,Plena noite,Ceu Claro,Múltipla,Urbano,Motocicletas,Ferido Grave,44.0,M
83441918,13/02/16,RN,110,MOSSORO,Falta de atenção,Colisão Transversal,Com Vítimas Feridas,Plena noite,Ignorada,Simples,Urbano,Motocicletas,Ileso,21.0,M
83441918,13/02/16,RN,110,MOSSORO,Falta de atenção,Colisão Transversal,Com Vítimas Feridas,Plena noite,Ignorada,Simples,Urbano,Motocicletas,Ferido Leve,27.0,F
83441918,13/02/16,RN,110,MOSSORO,Falta de atenção,Colisão Transversal,Com Vítimas Feridas,Plena noite,Ignorada,Simples,Urbano,Automóvel,Ignorado,,I
83439963,13/02/16,RN,101,NATAL,Ingestão de álcool,Colisão traseira,Com Vítimas Feridas,Plena noite,Ceu Claro,Dupla,Urbano,Automóvel,Ferido Leve,47.0,M
83439963,13/02/16,RN,101,NATAL,Ingestão de álcool,Colisão traseira,Com Vítimas Feridas,Plena noite,Ceu Claro,Dupla,Urbano,Automóvel,Ileso,27.0,M
83439019,13/02/16,RN,304,MOSSORO,Ingestão de álcool,Queda de motocicleta / bicicleta / veículo,Com Vítimas Feridas,Anoitecer,Ceu Claro,Simples,Urbano,Motocicletas,Ferido Leve,32.0,M
83439074,14/02/16,RN,101,NATAL,Outras,Capotamento,Com Vítimas Feridas,Plena noite,Ceu Claro,Múltipla,Urbano,Automóvel,Ferido Leve,37.0,M
83439075,14/02/16,RN,304,MACAIBA,Desobediência à sinalização,Colisão Transversal,Com Vítimas Feridas,Plena noite,Ceu Claro,Dupla,Urbano,Automóvel,Ileso,53.0,M
83439075,14/02/16,RN,304,MACAIBA,Desobediência à sinalização,Colisão Transversal,Com Vítimas Feridas,Plena noite,Ceu Claro,Dupla,Urbano,Motocicletas,Ferido Leve,23.0,M
83440059,14/02/16,RN,226,SANTA CRUZ,Outras,Colisão com objeto fixo,Com Vítimas Feridas,Pleno dia,Ceu Claro,Simples,Rural,Automóvel,Ferido Leve,60.0,M
83440160,14/02/16,RN,110,MOSSORO,Outras,Saída de Pista,Sem Vítimas,Pleno dia,Chuva,Simples,Urbano,Caminhonete,Ileso,39.0,M
83439436,15/02/16,RN,101,NATAL,Falta de atenção,Colisão traseira,Sem Vítimas,Pleno dia,Ceu Claro,Múltipla,Urbano,Automóvel,Ileso,30.0,F
83439436,15/02/16,RN,101,NATAL,Falta de atenção,Colisão traseira,Sem Vítimas,Pleno dia,Ceu Claro,Múltipla,Urbano,Automóvel,Ileso,63.0,M
83439436,15/02/16,RN,101,NATAL,Falta de atenção,Colisão traseira,Sem Vítimas,Pleno dia,Ceu Claro,Múltipla,Urbano,Automóvel,Ileso,60.0,M
83439450,15/02/16,RN,101,NATAL,Outras,Colisão Transversal,Com Vítimas Feridas,Pleno dia,Sol,Dupla,Urbano,Motocicletas,Ferido Leve,21.0,M
83439450,15/02/16,RN,101,NATAL,Outras,Colisão Transversal,Com Vítimas Feridas,Pleno dia,Sol,Dupla,Urbano,Automóvel,Ileso,,M
83439443,15/02/16,RN,110,MOSSORO,Outras,Colisão Transversal,Com Vítimas Feridas,Pleno dia,Ceu Claro,Dupla,Urbano,Automóvel,Ileso,66.0,F
83439443,15/02/16,RN,110,MOSSORO,Outras,Colisão Transversal,Com Vítimas Feridas,Pleno dia,Ceu Claro,Dupla,Urbano,Motocicletas,Ferido Grave,22.0,F
83439443,15/02/16,RN,110,MOSSORO,Outras,Colisão Transversal,Com Vítimas Feridas,Pleno dia,Ceu Claro,Dupla,Urbano,Motocicletas,Ferido Grave,25.0,M
83439567,15/02/16,RN,110,MOSSORO,Outras,Colisão frontal,Com Vítimas Feridas,Pleno dia,Sol,Dupla,Urbano,Ciclomotor,Ferido Grave,41.0,F
83439567,15/02/16,RN,110,MOSSORO,Outras,Colisão frontal,Com Vítimas Feridas,Pleno dia,Sol,Dupla,Urbano,Automóvel,Ileso,,M
83439537,15/02/16,RN,226,CURRAIS NOVOS,Falta de atenção,Colisão Transversal,Com Vítimas Feridas,Pleno dia,Ceu Claro,Dupla,Urbano,Motocicletas,Ferido Leve,26.0,M
83439537,15/02/16,RN,226,CURRAIS NOVOS,Falta de atenção,Colisão Transversal,Com Vítimas Feridas,Pleno dia,Ceu Claro,Dupla,Urbano,Automóvel,Ignorado,,I
83439471,15/02/16,RN,226,LAJES PINTADAS,Defeito na via,Capotamento,Com Vítimas Feridas,Pleno dia,Ceu Claro,Simples,Rural,Automóvel,Ferido Leve,31.0,F
83439699,16/02/16,RN,226,CURRAIS NOVOS,Falta de atenção,Colisão Transversal,Com Vítimas Feridas,Pleno dia,Ceu Claro,Simples,Urbano,Caminhonete,Ignorado,,M
83439699,16/02/16,RN,226,CURRAIS NOVOS,Falta de atenção,Colisão Transversal,Com Vítimas Feridas,Pleno dia,Ceu Claro,Simples,Urbano,Motocicletas,Ferido Leve,51.0,M
83510728,17/02/16,RN,226,MACAIBA,Falta de atenção,Colisão Transversal,Com Vítimas Feridas,Pleno dia,Ceu Claro,Simples,Urbano,Automóvel,Ileso,53.0,M
83510728,17/02/16,RN,226,MACAIBA,Falta de atenção,Colisão Transversal,Com Vítimas Feridas,Pleno dia,Ceu Claro,Simples,Urbano,Motocicletas,Ferido Grave,,M
83440056,17/02/16,RN,427,CAICO,Outras,Colisão traseira,Com Vítimas Feridas,Pleno dia,Sol,Simples,Urbano,Caminhão,Ileso,54.0,M
83440056,17/02/16,RN,427,CAICO,Outras,Colisão traseira,Com Vítimas Feridas,Pleno dia,Sol,Simples,Urbano,Motoneta,Ferido Grave,23.0,F
83440501,17/02/16,RN,427,CAICO,Defeito mecânico em veículo,Colisão frontal,Com Vítimas Feridas,Pleno dia,Sol,Simples,Urbano,Camioneta,Ileso,25.0,M
83440501,17/02/16,RN,427,CAICO,Defeito mecânico em veículo,Colisão frontal,Com Vítimas Feridas,Pleno dia,Sol,Simples,Urbano,Carroça,Ferido Leve,58.0,M
83440130,17/02/16,RN,304,MOSSORO,Desobediência à sinalização,Colisão Transversal,Com Vítimas Feridas,Pleno dia,Nublado,Dupla,Urbano,Automóvel,Ileso,52.0,M
83440130,17/02/16,RN,304,MOSSORO,Desobediência à sinalização,Colisão Transversal,Com Vítimas Feridas,Pleno dia,Nublado,Dupla,Urbano,Motocicletas,Ferido Leve,28.0,M
83442535,17/02/16,RN,226,TANGARA,Outras,Colisão Transversal,Com Vítimas Feridas,Plena noite,Ceu Claro,Simples,Rural,Caminhão,Ileso,27.0,M
83442535,17/02/16,RN,226,TANGARA,Outras,Colisão Transversal,Com Vítimas Feridas,Plena noite,Ceu Claro,Simples,Rural,Automóvel,Ferido Leve,29.0,M
83440106,17/02/16,RN,406,SAO GONCALO DO AMARANTE,Ingestão de álcool,Colisão com objeto fixo,Com Vítimas Feridas,Plena noite,Ceu Claro,Dupla,Rural,Motocicletas,Ferido Grave,27.0,M
83440193,18/02/16,RN,101,NATAL,Falta de atenção,Colisão traseira,Com Vítimas Feridas,Pleno dia,Nublado,Simples,Urbano,Microônibus,Ileso,34.0,M
83440193,18/02/16,RN,101,NATAL,Falta de atenção,Colisão traseira,Com Vítimas Feridas,Pleno dia,Nublado,Simples,Urbano,Motoneta,Ferido Leve,26.0,F
83440244,18/02/16,RN,101,SAO JOSE DE MIPIBU,Outras,Tombamento,Com Vítimas Feridas,Pleno dia,Chuva,Dupla,Rural,Caminhão,Ferido Leve,35.0,M
83440244,18/02/16,RN,101,SAO JOSE DE MIPIBU,Outras,Tombamento,Com Vítimas Feridas,Pleno dia,Chuva,Dupla,Rural,Caminhão,Ferido Leve,54.0,M
83440369,18/02/16,RN,101,PARNAMIRIM,Ingestão de álcool,Colisão Transversal,Com Vítimas Feridas,Plena noite,Ignorada,Dupla,Urbano,Automóvel,Ileso,34.0,M
83440369,18/02/16,RN,101,PARNAMIRIM,Ingestão de álcool,Colisão Transversal,Com Vítimas Feridas,Plena noite,Ignorada,Dupla,Urbano,Motocicletas,Ferido Leve,41.0,M
83444409,19/02/16,RN,304,MOSSORO,Outras,Queda de motocicleta / bicicleta / veículo,Com Vítimas Feridas,Pleno dia,Sol,Dupla,Urbano,Ciclomotor,Ferido Leve,37.0,M
83441500,19/02/16,RN,101,SAO GONCALO DO AMARANTE,Não guardar distância de segurança,Colisão traseira,Com Vítimas Feridas,Pleno dia,Nublado,Dupla,Urbano,Automóvel,Ignorado,,I
83441500,19/02/16,RN,101,SAO GONCALO DO AMARANTE,Não guardar distância de segurança,Colisão traseira,Com Vítimas Feridas,Pleno dia,Nublado,Dupla,Urbano,Automóvel,Ileso,49.0,M
83441500,19/02/16,RN,101,SAO GONCALO DO AMARANTE,Não guardar distância de segurança,Colisão traseira,Com Vítimas Feridas,Pleno dia,Nublado,Dupla,Urbano,Automóvel,Ileso,,M
83441500,19/02/16,RN,101,SAO GONCALO DO AMARANTE,Não guardar distância de segurança,Colisão traseira,Com Vítimas Feridas,Pleno dia,Nublado,Dupla,Urbano,Automóvel,Ferido Leve,,F
83441500,19/02/16,RN,101,SAO GONCALO DO AMARANTE,Não guardar distância de segurança,Colisão traseira,Com Vítimas Feridas,Pleno dia,Nublado,Dupla,Urbano,Caminhonete,Ileso,33.0,M
83440471,19/02/16,RN,110,MOSSORO,Outras,Colisão traseira,Com Vítimas Feridas,Pleno dia,Ceu Claro,Simples,Urbano,Motoneta,Ileso,26.0,M
83440471,19/02/16,RN,110,MOSSORO,Outras,Colisão traseira,Com Vítimas Feridas,Pleno dia,Ceu Claro,Simples,Urbano,Motocicletas,Ferido Grave,33.0,M
83440471,19/02/16,RN,110,MOSSORO,Outras,Colisão traseira,Com Vítimas Feridas,Pleno dia,Ceu Claro,Simples,Urbano,Não identificado,Ignorado,,I
83440624,19/02/16,RN,304,MOSSORO,Ingestão de álcool,Colisão lateral,Com Vítimas Feridas,Pleno dia,Chuva,Dupla,Urbano,Automóvel,Ileso,25.0,M
83440624,19/02/16,RN,304,MOSSORO,Ingestão de álcool,Colisão lateral,Com Vítimas Feridas,Pleno dia,Chuva,Dupla,Urbano,Automóvel,Ileso,35.0,M
83440624,19/02/16,RN,304,MOSSORO,Ingestão de álcool,Colisão lateral,Com Vítimas Feridas,Pleno dia,Chuva,Dupla,Urbano,Automóvel,Ileso,19.0,F
83440624,19/02/16,RN,304,MOSSORO,Ingestão de álcool,Colisão lateral,Com Vítimas Feridas,Pleno dia,Chuva,Dupla,Urbano,Automóvel,Ferido Leve,24.0,F
83441013,19/02/16,RN,304,MOSSORO,Defeito na via,Saída de Pista,Sem Vítimas,Pleno dia,Chuva,Dupla,Rural,Caminhão,Ileso,29.0,M
83440674,19/02/16,RN,101,PARNAMIRIM,Falta de atenção,Colisão traseira,Com Vítimas Feridas,Pleno dia,Ceu Claro,Dupla,Urbano,Automóvel,Ileso,34.0,M
83440674,19/02/16,RN,101,PARNAMIRIM,Falta de atenção,Colisão traseira,Com Vítimas Feridas,Pleno dia,Ceu Claro,Dupla,Urbano,Automóvel,Ileso,,F
83440674,19/02/16,RN,101,PARNAMIRIM,Falta de atenção,Colisão traseira,Com Vítimas Feridas,Pleno dia,Ceu Claro,Dupla,Urbano,Caminhonete,Ileso,52.0,M
83440674,19/02/16,RN,101,PARNAMIRIM,Falta de atenção,Colisão traseira,Com Vítimas Feridas,Pleno dia,Ceu Claro,Dupla,Urbano,Caminhonete,Ileso,,F
83440674,19/02/16,RN,101,PARNAMIRIM,Falta de atenção,Colisão traseira,Com Vítimas Feridas,Pleno dia,Ceu Claro,Dupla,Urbano,Caminhonete,Ferido Leve,,F
83440674,19/02/16,RN,101,PARNAMIRIM,Falta de atenção,Colisão traseira,Com Vítimas Feridas,Pleno dia,Ceu Claro,Dupla,Urbano,Caminhonete,Ileso,,F
83440551,19/02/16,RN,304,MOSSORO,Desobediência à sinalização,Colisão lateral,Com Vítimas Feridas,Pleno dia,Nublado,Simples,Urbano,Motocicletas,Ferido Leve,63.0,M
83440551,19/02/16,RN,304,MOSSORO,Desobediência à sinalização,Colisão lateral,Com Vítimas Feridas,Pleno dia,Nublado,Simples,Urbano,Não identificado,Ignorado,,I
83440676,19/02/16,RN,304,CAICARA DO RIO DO VENTO,Velocidade incompatível,Saída de Pista,Sem Vítimas,Pleno dia,Chuva,Simples,Rural,Automóvel,Ileso,46.0,M
83440627,19/02/16,RN,110,MOSSORO,Falta de atenção,Colisão Transversal,Com Vítimas Feridas,Plena noite,Nublado,Simples,Urbano,Motocicletas,Ferido Grave,33.0,F
83440627,19/02/16,RN,110,MOSSORO,Falta de atenção,Colisão Transversal,Com Vítimas Feridas,Plena noite,Nublado,Simples,Urbano,Automóvel,Ileso,35.0,M
83440697,19/02/16,RN,304,ASSU,Desobediência à sinalização,Colisão frontal,Com Vítimas Feridas,Plena noite,Ceu Claro,Simples,Rural,Camioneta,Ferido Grave,46.0,M
83440697,19/02/16,RN,304,ASSU,Desobediência à sinalização,Colisão frontal,Com Vítimas Feridas,Plena noite,Ceu Claro,Simples,Rural,Camioneta,Ferido Grave,,M
83440697,19/02/16,RN,304,ASSU,Desobediência à sinalização,Colisão frontal,Com Vítimas Feridas,Plena noite,Ceu Claro,Simples,Rural,Automóvel,Ferido Grave,41.0,M
83440945,20/02/16,RN,405,MOSSORO,Falta de atenção,Queda de motocicleta / bicicleta / veículo,Com Vítimas Feridas,Pleno dia,Ceu Claro,Dupla,Urbano,Automóvel,Ileso,25.0,M
83440945,20/02/16,RN,405,MOSSORO,Falta de atenção,Queda de motocicleta / bicicleta / veículo,Com Vítimas Feridas,Pleno dia,Ceu Claro,Dupla,Urbano,Motocicletas,Ferido Leve,58.0,M
83440818,20/02/16,RN,304,MACAIBA,Dormindo,Colisão lateral,Com Vítimas Feridas,Pleno dia,Ceu Claro,Simples,Urbano,Automóvel,Ferido Grave,,M
83440818,20/02/16,RN,304,MACAIBA,Dormindo,Colisão lateral,Com Vítimas Feridas,Pleno dia,Ceu Claro,Simples,Urbano,Caminhão-Trator,Ileso,,M
83440818,20/02/16,RN,304,MACAIBA,Dormindo,Colisão lateral,Com Vítimas Feridas,Pleno dia,Ceu Claro,Simples,Urbano,Automóvel,Ferido Leve,,M
83440818,20/02/16,RN,304,MACAIBA,Dormindo,Colisão lateral,Com Vítimas Feridas,Pleno dia,Ceu Claro,Simples,Urbano,Automóvel,Ileso,,M
83440818,20/02/16,RN,304,MACAIBA,Dormindo,Colisão lateral,Com Vítimas Feridas,Pleno dia,Ceu Claro,Simples,Urbano,Automóvel,Ileso,,M
83440904,20/02/16,RN,110,CAMPO GRANDE,Outras,Saída de Pista,Com Vítimas Feridas,Pleno dia,Ceu Claro,Simples,Rural,Automóvel,Ferido Grave,40.0,M
83440904,20/02/16,RN,110,CAMPO GRANDE,Outras,Saída de Pista,Com Vítimas Feridas,Pleno dia,Ceu Claro,Simples,Rural,Automóvel,Ferido Grave,46.0,F
83440959,20/02/16,RN,304,MOSSORO,Falta de atenção,Colisão traseira,Com Vítimas Feridas,Pleno dia,Sol,Dupla,Urbano,Camioneta,Ileso,45.0,M
83440959,20/02/16,RN,304,MOSSORO,Falta de atenção,Colisão traseira,Com Vítimas Feridas,Pleno dia,Sol,Dupla,Urbano,Motocicletas,Ferido Grave,33.0,M
83440898,20/02/16,RN,101,EXTREMOZ,Outras,Capotamento,Com Vítimas Feridas,Anoitecer,Ceu Claro,Simples,Rural,Automóvel,Ferido Leve,,M
83440898,20/02/16,RN,101,EXTREMOZ,Outras,Capotamento,Com Vítimas Feridas,Anoitecer,Ceu Claro,Simples,Rural,Automóvel,Ferido Grave,8.0,F
83440898,20/02/16,RN,101,EXTREMOZ,Outras,Capotamento,Com Vítimas Feridas,Anoitecer,Ceu Claro,Simples,Rural,Caminhonete,Ferido Leve,,M
83440953,20/02/16,RN,405,MOSSORO,Outras,Atropelamento de pessoa,Com Vítimas Feridas,Plena noite,Ceu Claro,Dupla,Urbano,Motocicletas,Ferido Leve,43.0,M
83440953,20/02/16,RN,405,MOSSORO,Outras,Atropelamento de pessoa,Com Vítimas Feridas,Plena noite,Ceu Claro,Dupla,Urbano,Motocicletas,Ferido Leve,45.0,F
83440953,20/02/16,RN,405,MOSSORO,Outras,Atropelamento de pessoa,Com Vítimas Feridas,Plena noite,Ceu Claro,Dupla,Urbano,,Ferido Leve,74.0,M
83440947,20/02/16,RN,304,MOSSORO,Ingestão de álcool,Queda de motocicleta / bicicleta / veículo,Com Vítimas Feridas,Plena noite,Nublado,Simples,Rural,Ciclomotor,Ferido Leve,22.0,M
83440933,20/02/16,RN,101,CANGUARETAMA,Ingestão de álcool,Colisão Transversal,Sem Vítimas,Plena noite,Ceu Claro,Dupla,Urbano,Automóvel,Ileso,35.0,M
83440933,20/02/16,RN,101,CANGUARETAMA,Ingestão de álcool,Colisão Transversal,Sem Vítimas,Plena noite,Ceu Claro,Dupla,Urbano,Automóvel,Ileso,36.0,M