id,data_inversa,uf,br,municipio,causa_acidente,tipo_acidente,classificacao_acidente,fase_dia,condicao_metereologica,tipo_pista,uso_solo,tipo_veiculo,estado_fisico,idade,sexo
83446585,11/03/16,RN,101,PARNAMIRIM,Desobediência à sinalização,Colisão Transversal,Com Vítimas Feridas,Pleno dia,Ceu Claro,Dupla,Urbano,Motocicletas,Ferido Grave,,M
83446617,11/03/16,RN,101,NATAL,Falta de atenção,Colisão lateral,Sem Vítimas,Plena noite,Ceu Claro,Múltipla,Urbano,Caminhão,Ileso,66.0,M
83446617,11/03/16,RN,101,NATAL,Falta de atenção,Colisão lateral,Sem Vítimas,Plena noite,Ceu Claro,Múltipla,Urbano,Caminhonete,Ileso,38.0,M
83446677,11/03/16,RN,406,TAIPU,Ingestão de álcool,Colisão lateral,Sem Vítimas,Plena noite,Ceu Claro,Simples,Urbano,Automóvel,Ileso,59.0,M
83446677,11/03/16,RN,406,TAIPU,Ingestão de álcool,Colisão lateral,Sem Vítimas,Plena noite,Ceu Claro,Simples,Urbano,Automóvel,Ileso,28.0,M
83446757,12/03/16,RN,427,CAICO,Animais na Pista,Atropelamento de animal,Com Vítimas Feridas,Plena noite,Ceu Claro,Simples,Rural,Automóvel,Ileso,34.0,M
83446757,12/03/16,RN,427,CAICO,Animais na Pista,Atropelamento de animal,Com Vítimas Feridas,Plena noite,Ceu Claro,Simples,Rural,Motocicletas,Ferido Leve,21.0,M
83446757,12/03/16,RN,427,CAICO,Animais na Pista,Atropelamento de animal,Com Vítimas Feridas,Plena noite,Ceu Claro,Simples,Rural,Motocicletas,Ferido Leve,,F
83446797,12/03/16,RN,304,ANGICOS,Dormindo,Saída de Pista,Com Vítimas Feridas,Pleno dia,Sol,Simples,Rural,Automóvel,Ferido Leve,22.0,M
83446797,12/03/16,RN,304,ANGICOS,Dormindo,Saída de Pista,Com Vítimas Feridas,Pleno dia,Sol,Simples,Rural,Automóvel,Ferido Grave,58.0,F
83446797,12/03/16,RN,304,ANGICOS,Dormindo,Saída de Pista,Com Vítimas Feridas,Pleno dia,Sol,Simples,Rural,Automóvel,Ferido Leve,67.0,F
83446797,12/03/16,RN,304,ANGICOS,Dormindo,Saída de Pista,Com Vítimas Feridas,Pleno dia,Sol,Simples,Rural,Automóvel,Ileso,65.0,M
83446937,12/03/16,RN,101,NATAL,Falta de atenção,Colisão traseira,Com Vítimas Feridas,Pleno dia,Ceu Claro,Simples,Urbano,Automóvel,Ileso,30.0,F
83446937,12/03/16,RN,101,NATAL,Falta de atenção,Colisão traseira,Com Vítimas Feridas,Pleno dia,Ceu Claro,Simples,Urbano,Motocicletas,Ferido Leve,36.0,M
83446824,12/03/16,RN,304,MOSSORO,Falta de atenção,Colisão Transversal,Sem Vítimas,Pleno dia,Sol,Dupla,Urbano,Automóvel,Ileso,41.0,M
83446824,12/03/16,RN,304,MOSSORO,Falta de atenção,Colisão Transversal,Sem Vítimas,Pleno dia,Sol,Dupla,Urbano,Automóvel,Ileso,,I
83446960,12/03/16,RN,226,MACAIBA,Não guardar distância de segurança,Colisão Transversal,Com Vítimas Feridas,Pleno dia,Ceu Claro,Simples,Rural,Motocicletas,Ferido Grave,39.0,M
83446960,12/03/16,RN,226,MACAIBA,Não guardar distância de segurança,Colisão Transversal,Com Vítimas Feridas,Pleno dia,Ceu Claro,Simples,Rural,Caminhonete,Ileso,33.0,F
83446846,12/03/16,RN,101,PARNAMIRIM,Desobediência à sinalização,Colisão Transversal,Com Vítimas Feridas,Pleno dia,Ceu Claro,Dupla,Urbano,Motocicletas,Ferido Leve,47.0,M
83446846,12/03/16,RN,101,PARNAMIRIM,Desobediência à sinalização,Colisão Transversal,Com Vítimas Feridas,Pleno dia,Ceu Claro,Dupla,Urbano,Camioneta,Ileso,,F
83446961,12/03/16,RN,304,MACAIBA,Ultrapassagem indevida,Colisão Transversal,Com Vítimas Feridas,Plena noite,Ceu Claro,Simples,Rural,Automóvel,Ileso,51.0,M
83446961,12/03/16,RN,304,MACAIBA,Ultrapassagem indevida,Colisão Transversal,Com Vítimas Feridas,Plena noite,Ceu Claro,Simples,Rural,Caminhão,Ferido Leve,50.0,M
83446961,12/03/16,RN,304,MACAIBA,Ultrapassagem indevida,Colisão Transversal,Com Vítimas Feridas,Plena noite,Ceu Claro,Simples,Rural,Caminhão-Trator,Ileso,51.0,M
83449705,12/03/16,RN,110,MOSSORO,Desobediência à sinalização,Colisão frontal,Com Vítimas Feridas,Plena noite,Ceu Claro,Simples,Urbano,Motocicletas,Ileso,28.0,M
83449705,12/03/16,RN,110,MOSSORO,Desobediência à sinalização,Colisão frontal,Com Vítimas Feridas,Plena noite,Ceu Claro,Simples,Urbano,Motocicletas,Ferido Leve,26.0,F
83449705,12/03/16,RN,110,MOSSORO,Desobediência à sinalização,Colisão frontal,Com Vítimas Feridas,Plena noite,Ceu Claro,Simples,Urbano,Motocicletas,Ignorado,29.0,M
83447095,13/03/16,RN,406,CEARA-MIRIM,Não guardar distância de segurança,Colisão traseira,Sem Vítimas,Pleno dia,Sol,Simples,Rural,Automóvel,Ileso,38.0,M
83447095,13/03/16,RN,406,CEARA-MIRIM,Não guardar distância de segurança,Colisão traseira,Sem Vítimas,Pleno dia,Sol,Simples,Rural,Ônibus,Ileso,33.0,M
83447246,13/03/16,RN,110,MOSSORO,Falta de atenção,Colisão traseira,Com Vítimas Feridas,Pleno dia,Ceu Claro,Simples,Urbano,Caminhonete,Ileso,48.0,M
83447246,13/03/16,RN,110,MOSSORO,Falta de atenção,Colisão traseira,Com Vítimas Feridas,Pleno dia,Ceu Claro,Simples,Urbano,Motoneta,Ferido Leve,38.0,F
83447267,13/03/16,RN,226,CURRAIS NOVOS,Outras,Colisão frontal,Com Vítimas Fatais,Pleno dia,Sol,Simples,Rural,Camioneta,Ferido Grave,16.0,M
83447267,13/03/16,RN,226,CURRAIS NOVOS,Outras,Colisão frontal,Com Vítimas Fatais,Pleno dia,Sol,Simples,Rural,Camioneta,Ferido Grave,25.0,M
83447267,13/03/16,RN,226,CURRAIS NOVOS,Outras,Colisão frontal,Com Vítimas Fatais,Pleno dia,Sol,Simples,Rural,Automóvel,Morto,,M
83447271,13/03/16,RN,101,CANGUARETAMA,Ingestão de álcool,Saída de Pista,Sem Vítimas,Plena noite,Ceu Claro,Dupla,Rural,Automóvel,Ileso,50.0,M
83447580,14/03/16,RN,110,AREIA BRANCA,Falta de atenção,Colisão traseira,Com Vítimas Feridas,Pleno dia,Ceu Claro,Simples,Urbano,Motoneta,Ferido Leve,32.0,M
83447580,14/03/16,RN,110,AREIA BRANCA,Falta de atenção,Colisão traseira,Com Vítimas Feridas,Pleno dia,Ceu Claro,Simples,Urbano,Ciclomotor,Ferido Leve,29.0,F
83448753,14/03/16,RN,110,MOSSORO,Animais na Pista,Atropelamento de animal,Com Vítimas Feridas,Plena noite,Ceu Claro,Simples,Urbano,Caminhonete,Ileso,62.0,M
83448753,14/03/16,RN,110,MOSSORO,Animais na Pista,Atropelamento de animal,Com Vítimas Feridas,Plena noite,Ceu Claro,Simples,Urbano,,Ferido Grave,,M
83472303,14/03/16,RN,406,JANDAIRA,Animais na Pista,Atropelamento de animal,Com Vítimas Fatais,Plena noite,Ceu Claro,Simples,Rural,Motocicletas,Morto,26.0,M
83472303,14/03/16,RN,406,JANDAIRA,Animais na Pista,Atropelamento de animal,Com Vítimas Fatais,Plena noite,Ceu Claro,Simples,Rural,Motocicletas,Ferido Grave,,M
83447763,15/03/16,RN,226,NATAL,Velocidade incompatível,Capotamento,Ignorado,Pleno dia,Ceu Claro,Simples,Urbano,Automóvel,Ignorado,,I
83447745,15/03/16,RN,304,MOSSORO,Outras,Colisão com objeto fixo,Com Vítimas Feridas,Pleno dia,Ceu Claro,Dupla,Urbano,Caminhão,Ileso,,M
83447745,15/03/16,RN,304,MOSSORO,Outras,Colisão com objeto fixo,Com Vítimas Feridas,Pleno dia,Ceu Claro,Dupla,Urbano,Caminhão,Ileso,,F
83447745,15/03/16,RN,304,MOSSORO,Outras,Colisão com objeto fixo,Com Vítimas Feridas,Pleno dia,Ceu Claro,Dupla,Urbano,Caminhão,Ferido Leve,76.0,M
83447801,15/03/16,RN,427,CAICO,Outras,Colisão Transversal,Com Vítimas Feridas,Pleno dia,Ceu Claro,Simples,Urbano,Motocicletas,Ferido Leve,32.0,M
83447801,15/03/16,RN,427,CAICO,Outras,Colisão Transversal,Com Vítimas Feridas,Pleno dia,Ceu Claro,Simples,Urbano,Caminhonete,Ileso,57.0,M
83447804,15/03/16,RN,110,MOSSORO,Não guardar distância de segurança,Colisão traseira,Com Vítimas Feridas,Plena noite,Ceu Claro,Dupla,Urbano,Automóvel,Ileso,33.0,F
83447804,15/03/16,RN,110,MOSSORO,Não guardar distância de segurança,Colisão traseira,Com Vítimas Feridas,Plena noite,Ceu Claro,Dupla,Urbano,Motocicletas,Ferido Leve,28.0,M
83447884,15/03/16,RN,110,MOSSORO,Outras,Colisão Transversal,Com Vítimas Feridas,Plena noite,Ceu Claro,Simples,Urbano,Motoneta,Ferido Grave,,M
83447884,15/03/16,RN,110,MOSSORO,Outras,Colisão Transversal,Com Vítimas Feridas,Plena noite,Ceu Claro,Simples,Urbano,Automóvel,Ileso,38.0,M
83449366,17/03/16,RN,304,ANGICOS,Defeito mecânico em veículo,Saída de Pista,Com Vítimas Feridas,Pleno dia,Ceu Claro,Simples,Rural,Caminhão,Ileso,,M
83449366,17/03/16,RN,304,ANGICOS,Defeito mecânico em veículo,Saída de Pista,Com Vítimas Feridas,Pleno dia,Ceu Claro,Simples,Rural,Automóvel,Ferido Leve,,M
83449817,17/03/16,RN,101,PARNAMIRIM,Falta de atenção,Colisão traseira,Com Vítimas Feridas,Anoitecer,Ceu Claro,Múltipla,Urbano,Automóvel,Ferido Leve,36.0,M
83449817,17/03/16,RN,101,PARNAMIRIM,Falta de atenção,Colisão traseira,Com Vítimas Feridas,Anoitecer,Ceu Claro,Múltipla,Urbano,Automóvel,Ferido Leve,39.0,F
83449817,17/03/16,RN,101,PARNAMIRIM,Falta de atenção,Colisão traseira,Com Vítimas Feridas,Anoitecer,Ceu Claro,Múltipla,Urbano,Utilitário,Ileso,,M
83448451,17/03/16,RN,304,MOSSORO,Falta de atenção,Queda de motocicleta / bicicleta / veículo,Com Vítimas Feridas,Pleno dia,Ceu Claro,Dupla,Urbano,Ciclomotor,Ferido Leve,28.0,F
83448379,17/03/16,RN,101,PARNAMIRIM,Não guardar distância de segurança,Colisão traseira,Com Vítimas Feridas,Plena noite,Ceu Claro,Múltipla,Urbano,Automóvel,Ileso,24.0,M
83448379,17/03/16,RN,101,PARNAMIRIM,Não guardar distância de segurança,Colisão traseira,Com Vítimas Feridas,Plena noite,Ceu Claro,Múltipla,Urbano,Motocicletas,Ferido Leve,19.0,M
83448379,17/03/16,RN,101,PARNAMIRIM,Não guardar distância de segurança,Colisão traseira,Com Vítimas Feridas,Plena noite,Ceu Claro,Múltipla,Urbano,Motocicletas,Ferido Leve,29.0,M
83448426,17/03/16,RN,304,MOSSORO,Ingestão de álcool,Colisão traseira,Com Vítimas Feridas,Plena noite,Nublado,Dupla,Rural,Caminhão,Ileso,36.0,M
83448426,17/03/16,RN,304,MOSSORO,Ingestão de álcool,Colisão traseira,Com Vítimas Feridas,Plena noite,Nublado,Dupla,Rural,Automóvel,Ferido Leve,46.0,M
83466108,17/03/16,RN,304,MOSSORO,Ingestão de álcool,Colisão traseira,Com Vítimas Feridas,Plena noite,Nublado,Dupla,Rural,Caminhão,Ileso,36.0,M
83466108,17/03/16,RN,304,MOSSORO,Ingestão de álcool,Colisão traseira,Com Vítimas Feridas,Plena noite,Nublado,Dupla,Rural,Automóvel,Ferido Leve,46.0,M
83466108,17/03/16,RN,304,MOSSORO,Ingestão de álcool,Colisão traseira,Com Vítimas Feridas,Plena noite,Nublado,Dupla,Rural,Automóvel,Ferido Leve,12.0,M
83448564,18/03/16,RN,110,MOSSORO,Desobediência à sinalização,Colisão Transversal,Com Vítimas Feridas,Pleno dia,Sol,Simples,Urbano,Motocicletas,Ferido Leve,30.0,M
83448564,18/03/16,RN,110,MOSSORO,Desobediência à sinalização,Colisão Transversal,Com Vítimas Feridas,Pleno dia,Sol,Simples,Urbano,Automóvel,Ileso,33.0,F
83451942,18/03/16,RN,304,MOSSORO,Falta de atenção,Colisão lateral,Com Vítimas Feridas,Plena noite,Ceu Claro,Simples,Urbano,Caminhonete,Ileso,50.0,F
83451942,18/03/16,RN,304,MOSSORO,Falta de atenção,Colisão lateral,Com Vítimas Feridas,Plena noite,Ceu Claro,Simples,Urbano,Motoneta,Ferido Grave,36.0,M
83448765,18/03/16,RN,110,MOSSORO,Falta de atenção,Colisão traseira,Com Vítimas Feridas,Plena noite,Ceu Claro,Dupla,Urbano,Motoneta,Ileso,31.0,M
83448765,18/03/16,RN,110,MOSSORO,Falta de atenção,Colisão traseira,Com Vítimas Feridas,Plena noite,Ceu Claro,Dupla,Urbano,Motoneta,Ferido Leve,31.0,F
83448765,18/03/16,RN,110,MOSSORO,Falta de atenção,Colisão traseira,Com Vítimas Feridas,Plena noite,Ceu Claro,Dupla,Urbano,Não identificado,Ignorado,,I
83448699,18/03/16,RN,101,NATAL,Ingestão de álcool,Colisão lateral,Sem Vítimas,Plena noite,Ceu Claro,Dupla,Urbano,Automóvel,Ileso,46.0,M
83448699,18/03/16,RN,101,NATAL,Ingestão de álcool,Colisão lateral,Sem Vítimas,Plena noite,Ceu Claro,Dupla,Urbano,Automóvel,Ileso,51.0,M
83448752,19/03/16,RN,101,SAO GONCALO DO AMARANTE,Desobediência à sinalização,Colisão Transversal,Sem Vítimas,Plena noite,Ceu Claro,Dupla,Urbano,Automóvel,Ileso,31.0,M
83448752,19/03/16,RN,101,SAO GONCALO DO AMARANTE,Desobediência à sinalização,Colisão Transversal,Sem Vítimas,Plena noite,Ceu Claro,Dupla,Urbano,Motocicletas,Ignorado,,M
83448801,19/03/16,RN,101,NATAL,Falta de atenção,Colisão traseira,Sem Vítimas,Pleno dia,Ceu Claro,Dupla,Urbano,Automóvel,Ileso,21.0,M
83448801,19/03/16,RN,101,NATAL,Falta de atenção,Colisão traseira,Sem Vítimas,Pleno dia,Ceu Claro,Dupla,Urbano,Automóvel,Ileso,53.0,M
83448927,19/03/16,RN,101,PARNAMIRIM,Falta de atenção,Colisão traseira,Com Vítimas Feridas,Pleno dia,Ceu Claro,Dupla,Urbano,Automóvel,Ileso,,M
83448927,19/03/16,RN,101,PARNAMIRIM,Falta de atenção,Colisão traseira,Com Vítimas Feridas,Pleno dia,Ceu Claro,Dupla,Urbano,Automóvel,Ileso,,M
83448927,19/03/16,RN,101,PARNAMIRIM,Falta de atenção,Colisão traseira,Com Vítimas Feridas,Pleno dia,Ceu Claro,Dupla,Urbano,Motocicletas,Ferido Leve,,M
83448924,19/03/16,RN,101,SAO JOSE DE MIPIBU,Outras,Colisão traseira,Com Vítimas Feridas,Pleno dia,Ceu Claro,Múltipla,Urbano,Automóvel,Ferido Leve,75.0,M
83448924,19/03/16,RN,101,SAO JOSE DE MIPIBU,Outras,Colisão traseira,Com Vítimas Feridas,Pleno dia,Ceu Claro,Múltipla,Urbano,Camioneta,Ileso,32.0,M
83448924,19/03/16,RN,101,SAO JOSE DE MIPIBU,Outras,Colisão traseira,Com Vítimas Feridas,Pleno dia,Ceu Claro,Múltipla,Urbano,Ônibus,Ileso,35.0,M
83448931,19/03/16,RN,101,GOIANINHA,Outras,Colisão com bicicleta,Com Vítimas Feridas,Pleno dia,Sol,Simples,Urbano,Automóvel,Ileso,32.0,M
83448931,19/03/16,RN,101,GOIANINHA,Outras,Colisão com bicicleta,Com Vítimas Feridas,Pleno dia,Sol,Simples,Urbano,Bicicleta,Ferido Leve,36.0,F
83448914,19/03/16,RN,405,MOSSORO,Falta de atenção,Colisão Transversal,Com Vítimas Feridas,Pleno dia,Ceu Claro,Dupla,Urbano,Caminhonete,Ileso,34.0,M
83448914,19/03/16,RN,405,MOSSORO,Falta de atenção,Colisão Transversal,Com Vítimas Feridas,Pleno dia,Ceu Claro,Dupla,Urbano,Ciclomotor,Ferido Leve,50.0,M
83450033,19/03/16,RN,405,SAO FRANCISCO DO OESTE,Outras,Atropelamento de pessoa,Com Vítimas Feridas,Plena noite,Ceu Claro,Simples,Rural,Motocicletas,Ferido Leve,45.0,M
83450033,19/03/16,RN,405,SAO FRANCISCO DO OESTE,Outras,Atropelamento de pessoa,Com Vítimas Feridas,Plena noite,Ceu Claro,Simples,Rural,,Ferido Grave,41.0,M
83449038,19/03/16,RN,226,NATAL,Falta de atenção,Colisão traseira,Sem Vítimas,Plena noite,Ceu Claro,Simples,Urbano,Automóvel,Ileso,,M
83449038,19/03/16,RN,226,NATAL,Falta de atenção,Colisão traseira,Sem Vítimas,Plena noite,Ceu Claro,Simples,Urbano,Automóvel,Ileso,,M
83449115,20/03/16,RN,304,ITAJA,Ingestão de álcool,Colisão lateral,Com Vítimas Feridas,Pleno dia,Ceu Claro,Simples,Rural,Camioneta,Ferido Leve,31.0,M
83449115,20/03/16,RN,304,ITAJA,Ingestão de álcool,Colisão lateral,Com Vítimas Feridas,Pleno dia,Ceu Claro,Simples,Rural,Camioneta,Ileso,27.0,M
83449115,20/03/16,RN,304,ITAJA,Ingestão de álcool,Colisão lateral,Com Vítimas Feridas,Pleno dia,Ceu Claro,Simples,Rural,Caminhão-Trator,Ileso,35.0,M
83450326,20/03/16,RN,304,MOSSORO,Outras,Queda de motocicleta / bicicleta / veículo,Com Vítimas Feridas,Plena noite,Ceu Claro,Múltipla,Urbano,Não identificado,Ferido Grave,26.0,M
83450326,20/03/16,RN,304,MOSSORO,Outras,Queda de motocicleta / bicicleta / veículo,Com Vítimas Feridas,Plena noite,Ceu Claro,Múltipla,Urbano,Não identificado,Ignorado,,I
83449295,20/03/16,RN,101,SAO GONCALO DO AMARANTE,Falta de atenção,Colisão traseira,Com Vítimas Feridas,Plena noite,Ceu Claro,Dupla,Urbano,Automóvel,Ileso,20.0,M
83449295,20/03/16,RN,101,SAO GONCALO DO AMARANTE,Falta de atenção,Colisão traseira,Com Vítimas Feridas,Plena noite,Ceu Claro,Dupla,Urbano,Motoneta,Ferido Leve,,M
83450468,21/03/16,RN,101,SAO JOSE DE MIPIBU,Outras,Colisão frontal,Com Vítimas Feridas,Plena noite,Ceu Claro,Múltipla,Urbano,Motoneta,Ferido Grave,23.0,M
83450468,21/03/16,RN,101,SAO JOSE DE MIPIBU,Outras,Colisão frontal,Com Vítimas Feridas,Plena noite,Ceu Claro,Múltipla,Urbano,Motocicletas,Ferido Grave,43.0,M
83449343,21/03/16,RN,406,CEARA-MIRIM,Animais na Pista,Atropelamento de animal,Com Vítimas Feridas,Amanhecer,Ceu Claro,Simples,Rural,Automóvel,Ferido Leve,24.0,M
83449567,21/03/16,RN,110,MOSSORO,Falta de atenção,Colisão Transversal,Sem Vítimas,Pleno dia,Sol,Simples,Urbano,Automóvel,Ileso,24.0,F
83449567,21/03/16,RN,110,MOSSORO,Falta de atenção,Colisão Transversal,Sem Vítimas,Pleno dia,Sol,Simples,Urbano,Motocicletas,Ignorado,,I
83449543,21/03/16,RN,101,SAO GONCALO DO AMARANTE,Falta de atenção,Colisão com bicicleta,Com Vítimas Feridas,Anoitecer,Ceu Claro,Dupla,Urbano,Automóvel,Ileso,31.0,M
83449543,21/03/16,RN,101,SAO GONCALO DO AMARANTE,Falta de atenção,Colisão com bicicleta,Com Vítimas Feridas,Anoitecer,Ceu Claro,Dupla,Urbano,Bicicleta,Ferido Grave,50.0,M
83449561,21/03/16,RN,101,NATAL,Ingestão de álcool,Colisão traseira,Sem Vítimas,Plena noite,Ceu Claro,Dupla,Urbano,Automóvel,Ileso,42.0,M
83449561,21/03/16,RN,101,NATAL,Ingestão de álcool,Colisão traseira,Sem Vítimas,Plena noite,Ceu Claro,Dupla,Urbano,Automóvel,Ileso,36.0,F
83450618,21/03/16,RN,101,NATAL,Falta de atenção,Colisão Transversal,Com Vítimas Feridas,Plena noite,Ceu Claro,Dupla,Urbano,Automóvel,Ileso,,F
83450618,21/03/16,RN,101,NATAL,Falta de atenção,Colisão Transversal,Com Vítimas Feridas,Plena noite,Ceu Claro,Dupla,Urbano,Motocicletas,Ferido Leve,,M
83449802,22/03/16,RN,101,NATAL,Outras,Colisão lateral,Com Vítimas Feridas,Pleno dia,Sol,Múltipla,Urbano,Motocicletas,Ferido Leve,24.0,M
83449802,22/03/16,RN,101,NATAL,Outras,Colisão lateral,Com Vítimas Feridas,Pleno dia,Sol,Múltipla,Urbano,Motocicletas,Ferido Grave,50.0,F
83449802,22/03/16,RN,101,NATAL,Outras,Colisão lateral,Com Vítimas Feridas,Pleno dia,Sol,Múltipla,Urbano,Ônibus,Ileso,45.0,M
83451048,22/03/16,RN,101,NATAL,Falta de atenção,Colisão traseira,Com Vítimas Feridas,Plena noite,Ceu Claro,Dupla,Urbano,Motocicletas,Ferido Leve,32.0,M
83451048,22/03/16,RN,101,NATAL,Falta de atenção,Colisão traseira,Com Vítimas Feridas,Plena noite,Ceu Claro,Dupla,Urbano,Automóvel,Ileso,31.0,M
83449895,22/03/16,RN,304,MACAIBA,Animais na Pista,Atropelamento de animal,Sem Vítimas,Plena noite,Ceu Claro,Simples,Rural,Ônibus,Ileso,29.0,M
83450142,23/03/16,RN,101,PARNAMIRIM,Não guardar distância de segurança,Colisão traseira,Sem Vítimas,Pleno dia,Ceu Claro,Dupla,Urbano,Automóvel,Ignorado,,M
83450142,23/03/16,RN,101,PARNAMIRIM,Não guardar distância de segurança,Colisão traseira,Sem Vítimas,Pleno dia,Ceu Claro,Dupla,Urbano,Automóvel,Ileso,26.0,F
83450584,24/03/16,RN,304,MACAIBA,Outras,Colisão Transversal,Com Vítimas Feridas,Pleno dia,Sol,Simples,Urbano,Automóvel,Ferido Grave,65.0,M
83450584,24/03/16,RN,304,MACAIBA,Outras,Colisão Transversal,Com Vítimas Feridas,Pleno dia,Sol,Simples,Urbano,Automóvel,Ferido Grave,67.0,F
83450584,24/03/16,RN,304,MACAIBA,Outras,Colisão Transversal,Com Vítimas Feridas,Pleno dia,Sol,Simples,Urbano,Automóvel,Ferido Grave,58.0,M
83450434,24/03/16,RN,101,SAO JOSE DE MIPIBU,Outras,Atropelamento de pessoa,Com Vítimas Feridas,Pleno dia,Ceu Claro,Dupla,Urbano,,Ferido Grave,78.0,M
83450434,24/03/16,RN,101,SAO JOSE DE MIPIBU,Outras,Atropelamento de pessoa,Com Vítimas Feridas,Pleno dia,Ceu Claro,Dupla,Urbano,Motoneta,Ignorado,,M
83451893,25/03/16,RN,304,MOSSORO,Outras,Colisão frontal,Com Vítimas Feridas,Pleno dia,Sol,Simples,Urbano,Automóvel,Ferido Leve,52.0,M
83451893,25/03/16,RN,304,MOSSORO,Outras,Colisão frontal,Com Vítimas Feridas,Pleno dia,Sol,Simples,Urbano,Automóvel,Ferido Leve,33.0,M
83451893,25/03/16,RN,304,MOSSORO,Outras,Colisão frontal,Com Vítimas Feridas,Pleno dia,Sol,Simples,Urbano,Automóvel,Ferido Leve,35.0,F
83450916,25/03/16,RN,405,SAO FRANCISCO DO OESTE,Outras,Saída de Pista,Com Vítimas Feridas,Plena noite,Ceu Claro,Simples,Urbano,Automóvel,Ferido Grave,25.0,M
83450916,25/03/16,RN,405,SAO FRANCISCO DO OESTE,Outras,Saída de Pista,Com Vítimas Feridas,Plena noite,Ceu Claro,Simples,Urbano,Automóvel,Ileso,18.0,M
83450916,25/03/16,RN,405,SAO FRANCISCO DO OESTE,Outras,Saída de Pista,Com Vítimas Feridas,Plena noite,Ceu Claro,Simples,Urbano,Automóvel,Ignorado,34.0,M
83451082,26/03/16,RN,101,NATAL,Ingestão de álcool,Colisão traseira,Sem Vítimas,Pleno dia,Ceu Claro,Dupla,Urbano,Caminhonete,Ileso,60.0,M
83451082,26/03/16,RN,101,NATAL,Ingestão de álcool,Colisão traseira,Sem Vítimas,Pleno dia,Ceu Claro,Dupla,Urbano,Motocicletas,Ileso,44.0,M
83451165,26/03/16,RN,101,SAO JOSE DE MIPIBU,Desobediência à sinalização,Colisão Transversal,Com Vítimas Feridas,Plena noite,Ceu Claro,Simples,Urbano,Automóvel,Ileso,47.0,M
83451165,26/03/16,RN,101,SAO JOSE DE MIPIBU,Desobediência à sinalização,Colisão Transversal,Com Vítimas Feridas,Plena noite,Ceu Claro,Simples,Urbano,Motocicletas,Ferido Grave,28.0,M
83451165,26/03/16,RN,101,SAO JOSE DE MIPIBU,Desobediência à sinalização,Colisão Transversal,Com Vítimas Feridas,Plena noite,Ceu Claro,Simples,Urbano,Automóvel,Ileso,,F
83451165,26/03/16,RN,101,SAO JOSE DE MIPIBU,Desobediência à sinalização,Colisão Transversal,Com Vítimas Feridas,Plena noite,Ceu Claro,Simples,Urbano,Motocicletas,Ferido Grave,,M
83451267,27/03/16,RN,101,NATAL,Outras,Colisão traseira,Com Vítimas Feridas,Pleno dia,Ceu Claro,Dupla,Urbano,Ônibus,Ileso,46.0,M
83451267,27/03/16,RN,101,NATAL,Outras,Colisão traseira,Com Vítimas Feridas,Pleno dia,Ceu Claro,Dupla,Urbano,Ciclomotor,Ferido Leve,35.0,M
83451482,27/03/16,RN,110,MOSSORO,Animais na Pista,Queda de motocicleta / bicicleta / veículo,Com Vítimas Feridas,Pleno dia,Ceu Claro,Simples,Rural,Motocicletas,Ferido Leve,23.0,M
83451359,27/03/16,RN,304,ITAJA,Ultrapassagem indevida,Colisão lateral,Com Vítimas Feridas,Pleno dia,Sol,Simples,Rural,Automóvel,Ileso,49.0,M
83451359,27/03/16,RN,304,ITAJA,Ultrapassagem indevida,Colisão lateral,Com Vítimas Feridas,Pleno dia,Sol,Simples,Rural,Caminhonete,Ileso,54.0,M
83451359,27/03/16,RN,304,ITAJA,Ultrapassagem indevida,Colisão lateral,Com Vítimas Feridas,Pleno dia,Sol,Simples,Rural,Automóvel,Ignorado,,I
83451359,27/03/16,RN,304,ITAJA,Ultrapassagem indevida,Colisão lateral,Com Vítimas Feridas,Pleno dia,Sol,Simples,Rural,Camioneta,Ferido Leve,39.0,M
83451359,27/03/16,RN,304,ITAJA,Ultrapassagem indevida,Colisão lateral,Com Vítimas Feridas,Pleno dia,Sol,Simples,Rural,Camioneta,Ferido Leve,,F
83451313,27/03/16,RN,101,NATAL,Dormindo,Capotamento,Com Vítimas Feridas,Pleno dia,Ceu Claro,Dupla,Urbano,Automóvel,Ferido Leve,32.0,M
83451313,27/03/16,RN,101,NATAL,Dormindo,Capotamento,Com Vítimas Feridas,Pleno dia,Ceu Claro,Dupla,Urbano,Automóvel,Ferido Leve,24.0,F
83451313,27/03/16,RN,101,NATAL,Dormindo,Capotamento,Com Vítimas Feridas,Pleno dia,Ceu Claro,Dupla,Urbano,Automóvel,Ferido Leve,0.0,F
83451455,27/03/16,RN,304,MACAIBA,Falta de atenção,Colisão traseira,Com Vítimas Feridas,Pleno dia,Sol,Simples,Urbano,Automóvel,Ileso,30.0,M
83451455,27/03/16,RN,304,MACAIBA,Falta de atenção,Colisão traseira,Com Vítimas Feridas,Pleno dia,Sol,Simples,Urbano,Automóvel,Ileso,35.0,F