id,data_inversa,uf,br,municipio,causa_acidente,tipo_acidente,classificacao_acidente,fase_dia,condicao_metereologica,tipo_pista,uso_solo,tipo_veiculo,estado_fisico,idade,sexo
83451455,27/03/16,RN,304,MACAIBA,Falta de atenção,Colisão traseira,Com Vítimas Feridas,Pleno dia,Sol,Simples,Urbano,Automóvel,Ileso,,F
83451455,27/03/16,RN,304,MACAIBA,Falta de atenção,Colisão traseira,Com Vítimas Feridas,Pleno dia,Sol,Simples,Urbano,Automóvel,Ileso,45.0,M
83451455,27/03/16,RN,304,MACAIBA,Falta de atenção,Colisão traseira,Com Vítimas Feridas,Pleno dia,Sol,Simples,Urbano,Automóvel,Ileso,30.0,F
83451455,27/03/16,RN,304,MACAIBA,Falta de atenção,Colisão traseira,Com Vítimas Feridas,Pleno dia,Sol,Simples,Urbano,Automóvel,Ferido Leve,7.0,M
83451455,27/03/16,RN,304,MACAIBA,Falta de atenção,Colisão traseira,Com Vítimas Feridas,Pleno dia,Sol,Simples,Urbano,Automóvel,Ileso,50.0,M
83451455,27/03/16,RN,304,MACAIBA,Falta de atenção,Colisão traseira,Com Vítimas Feridas,Pleno dia,Sol,Simples,Urbano,Automóvel,Ileso,40.0,F
83451455,27/03/16,RN,304,MACAIBA,Falta de atenção,Colisão traseira,Com Vítimas Feridas,Pleno dia,Sol,Simples,Urbano,Automóvel,Ferido Leve,,F
83451455,27/03/16,RN,304,MACAIBA,Falta de atenção,Colisão traseira,Com Vítimas Feridas,Pleno dia,Sol,Simples,Urbano,Automóvel,Ferido Leve,,M
83451384,27/03/16,RN,304,MACAIBA,Falta de atenção,Colisão traseira,Com Vítimas Feridas,Pleno dia,Ceu Claro,Simples,Rural,Automóvel,Ileso,41.0,M
83451384,27/03/16,RN,304,MACAIBA,Falta de atenção,Colisão traseira,Com Vítimas Feridas,Pleno dia,Ceu Claro,Simples,Rural,Automóvel,Ileso,15.0,F
83451384,27/03/16,RN,304,MACAIBA,Falta de atenção,Colisão traseira,Com Vítimas Feridas,Pleno dia,Ceu Claro,Simples,Rural,Automóvel,Ileso,9.0,M
83451384,27/03/16,RN,304,MACAIBA,Falta de atenção,Colisão traseira,Com Vítimas Feridas,Pleno dia,Ceu Claro,Simples,Rural,Automóvel,Ileso,43.0,F
83451384,27/03/16,RN,304,MACAIBA,Falta de atenção,Colisão traseira,Com Vítimas Feridas,Pleno dia,Ceu Claro,Simples,Rural,Automóvel,Ileso,20.0,F
83451384,27/03/16,RN,304,MACAIBA,Falta de atenção,Colisão traseira,Com Vítimas Feridas,Pleno dia,Ceu Claro,Simples,Rural,Motocicletas,Ferido Leve,35.0,M
83451384,27/03/16,RN,304,MACAIBA,Falta de atenção,Colisão traseira,Com Vítimas Feridas,Pleno dia,Ceu Claro,Simples,Rural,Motocicletas,Ileso,15.0,M
83451427,27/03/16,RN,101,SAO JOSE DE MIPIBU,Outras,Colisão lateral,Sem Vítimas,Plena noite,Ceu Claro,Dupla,Rural,Caminhão-Trator,Ileso,61.0,M
83451427,27/03/16,RN,101,SAO JOSE DE MIPIBU,Outras,Colisão lateral,Sem Vítimas,Plena noite,Ceu Claro,Dupla,Rural,Automóvel,Ileso,29.0,F
83451386,27/03/16,RN,101,SAO JOSE DE MIPIBU,Outras,Atropelamento de pessoa,Com Vítimas Feridas,Plena noite,Ceu Claro,Dupla,Urbano,Automóvel,Ileso,68.0,M
83451386,27/03/16,RN,101,SAO JOSE DE MIPIBU,Outras,Atropelamento de pessoa,Com Vítimas Feridas,Plena noite,Ceu Claro,Dupla,Urbano,,Ferido Grave,,F
83452220,28/03/16,RN,226,BOM JESUS,Ultrapassagem indevida,Colisão frontal,Com Vítimas Feridas,Amanhecer,Ceu Claro,Simples,Urbano,Automóvel,Ferido Leve,57.0,M
83452220,28/03/16,RN,226,BOM JESUS,Ultrapassagem indevida,Colisão frontal,Com Vítimas Feridas,Amanhecer,Ceu Claro,Simples,Urbano,Camioneta,Ferido Leve,,M
83451750,28/03/16,RN,101,SAO JOSE DE MIPIBU,Defeito na via,Queda de motocicleta / bicicleta / veículo,Com Vítimas Feridas,Pleno dia,Ceu Claro,Dupla,Rural,Motocicletas,Ferido Grave,56.0,M
83467327,28/03/16,RN,304,MACAIBA,Outras,Atropelamento de pessoa,Com Vítimas Feridas,Plena noite,Ceu Claro,Simples,Urbano,,Ferido Grave,64.0,M
83467327,28/03/16,RN,304,MACAIBA,Outras,Atropelamento de pessoa,Com Vítimas Feridas,Plena noite,Ceu Claro,Simples,Urbano,Motocicletas,Ignorado,,I
83453834,28/03/16,RN,101,PARNAMIRIM,Outras,Colisão traseira,Sem Vítimas,Anoitecer,Ceu Claro,Dupla,Urbano,Camioneta,Ileso,64.0,M
83453834,28/03/16,RN,101,PARNAMIRIM,Outras,Colisão traseira,Sem Vítimas,Anoitecer,Ceu Claro,Dupla,Urbano,Automóvel,Ileso,,M
83453834,28/03/16,RN,101,PARNAMIRIM,Outras,Colisão traseira,Sem Vítimas,Anoitecer,Ceu Claro,Dupla,Urbano,Automóvel,Ileso,42.0,F
83453834,28/03/16,RN,101,PARNAMIRIM,Outras,Colisão traseira,Sem Vítimas,Anoitecer,Ceu Claro,Dupla,Urbano,Motocicletas,Ileso,44.0,M
83516036,28/03/16,RN,101,PARNAMIRIM,Defeito mecânico em veículo,Queda de motocicleta / bicicleta / veículo,Com Vítimas Feridas,Plena noite,Ceu Claro,Dupla,Urbano,Motocicletas,Ferido Leve,,M
83452001,29/03/16,RN,110,MOSSORO,Falta de atenção,Atropelamento de pessoa,Com Vítimas Feridas,Pleno dia,Ceu Claro,Simples,Urbano,Motocicletas,Ferido Leve,59.0,M
83452001,29/03/16,RN,110,MOSSORO,Falta de atenção,Atropelamento de pessoa,Com Vítimas Feridas,Pleno dia,Ceu Claro,Simples,Urbano,,Ferido Leve,64.0,F
83451874,29/03/16,RN,427,CAICO,Outras,Queda de motocicleta / bicicleta / veículo,Com Vítimas Feridas,Pleno dia,Ceu Claro,Simples,Urbano,Motocicletas,Ferido Grave,40.0,M
83451993,29/03/16,RN,101,NATAL,Não guardar distância de segurança,Colisão traseira,Com Vítimas Feridas,Pleno dia,Sol,Dupla,Urbano,Camioneta,Ileso,35.0,M
83451993,29/03/16,RN,101,NATAL,Não guardar distância de segurança,Colisão traseira,Com Vítimas Feridas,Pleno dia,Sol,Dupla,Urbano,Motocicletas,Ferido Leve,32.0,M
83452803,29/03/16,RN,101,NATAL,Outras,Colisão traseira,Com Vítimas Feridas,Plena noite,Nublado,Múltipla,Urbano,Camioneta,Ileso,47.0,M
83452803,29/03/16,RN,101,NATAL,Outras,Colisão traseira,Com Vítimas Feridas,Plena noite,Nublado,Múltipla,Urbano,Bicicleta,Ferido Leve,53.0,M
83452897,30/03/16,RN,101,GOIANINHA,Dormindo,Tombamento,Ignorado,Plena noite,Nublado,Dupla,Rural,Caminhão-Trator,Ignorado,,M
83452285,30/03/16,RN,304,SAO PEDRO,Animais na Pista,Colisão Transversal,Com Vítimas Feridas,Pleno dia,Nublado,Simples,Rural,Automóvel,Ileso,35.0,M
83452285,30/03/16,RN,304,SAO PEDRO,Animais na Pista,Colisão Transversal,Com Vítimas Feridas,Pleno dia,Nublado,Simples,Rural,Motocicletas,Ferido Grave,30.0,M
83455407,30/03/16,RN,101,NATAL,Ingestão de álcool,Colisão traseira,Sem Vítimas,Plena noite,Ceu Claro,Dupla,Urbano,Automóvel,Ileso,32.0,M
83455407,30/03/16,RN,101,NATAL,Ingestão de álcool,Colisão traseira,Sem Vítimas,Plena noite,Ceu Claro,Dupla,Urbano,Automóvel,Ileso,40.0,M
83452277,30/03/16,RN,226,MACAIBA,Ingestão de álcool,Colisão frontal,Sem Vítimas,Plena noite,Nublado,Simples,Urbano,Automóvel,Ileso,,M
83452277,30/03/16,RN,226,MACAIBA,Ingestão de álcool,Colisão frontal,Sem Vítimas,Plena noite,Nublado,Simples,Urbano,Automóvel,Ileso,26.0,M
83452292,30/03/16,RN,101,SAO JOSE DE MIPIBU,Defeito na via,Tombamento,Sem Vítimas,Plena noite,Nublado,Dupla,Rural,Caminhonete,Ileso,33.0,M
83455773,31/03/16,RN,304,MOSSORO,Falta de atenção,Colisão Transversal,Com Vítimas Feridas,Pleno dia,Ceu Claro,Dupla,Urbano,Motocicletas,Ferido Grave,32.0,M
83455773,31/03/16,RN,304,MOSSORO,Falta de atenção,Colisão Transversal,Com Vítimas Feridas,Pleno dia,Ceu Claro,Dupla,Urbano,Automóvel,Ileso,29.0,F
83460051,31/03/16,RN,304,ITAJA,Animais na Pista,Atropelamento de animal,Com Vítimas Feridas,Plena noite,Ceu Claro,Simples,Rural,Automóvel,Ferido Leve,59.0,F
83460051,31/03/16,RN,304,ITAJA,Animais na Pista,Atropelamento de animal,Com Vítimas Feridas,Plena noite,Ceu Claro,Simples,Rural,Automóvel,Ferido Leve,29.0,F
83453338,31/03/16,RN,304,MOSSORO,Animais na Pista,Atropelamento de animal,Com Vítimas Feridas,Plena noite,Ceu Claro,Simples,Urbano,Motocicletas,Ferido Grave,31.0,M
83453338,31/03/16,RN,304,MOSSORO,Animais na Pista,Atropelamento de animal,Com Vítimas Feridas,Plena noite,Ceu Claro,Simples,Urbano,Motocicletas,Ferido Grave,34.0,F
83452575,31/03/16,RN,226,CURRAIS NOVOS,Animais na Pista,Atropelamento de animal,Com Vítimas Feridas,Plena noite,Ceu Claro,Simples,Rural,Motocicletas,Ferido Leve,29.0,M
83511731,01/04/16,RN,226,NATAL,Outras,Colisão Transversal,Com Vítimas Feridas,Pleno dia,Sol,Simples,Urbano,Caminhonete,Ileso,48.0,M
83511731,01/04/16,RN,226,NATAL,Outras,Colisão Transversal,Com Vítimas Feridas,Pleno dia,Sol,Simples,Urbano,Motocicletas,Ferido Grave,31.0,M
83511731,01/04/16,RN,226,NATAL,Outras,Colisão Transversal,Com Vítimas Feridas,Pleno dia,Sol,Simples,Urbano,Motocicletas,Ferido Grave,29.0,M
83452675,01/04/16,RN,101,PARNAMIRIM,Outras,Colisão Transversal,Com Vítimas Feridas,Pleno dia,Nublado,Dupla,Urbano,Motocicletas,Ferido Leve,20.0,M
83452675,01/04/16,RN,101,PARNAMIRIM,Outras,Colisão Transversal,Com Vítimas Feridas,Pleno dia,Nublado,Dupla,Urbano,Camioneta,Ileso,58.0,M
83452774,01/04/16,RN,101,NATAL,Não guardar distância de segurança,Colisão traseira,Com Vítimas Feridas,Pleno dia,Nublado,Dupla,Urbano,Motocicletas,Ferido Leve,24.0,M
83452774,01/04/16,RN,101,NATAL,Não guardar distância de segurança,Colisão traseira,Com Vítimas Feridas,Pleno dia,Nublado,Dupla,Urbano,Automóvel,Ileso,38.0,F
83452754,01/04/16,RN,427,CAICO,Falta de atenção,Atropelamento de pessoa,Com Vítimas Feridas,Pleno dia,Ceu Claro,Simples,Urbano,Motocicletas,Ferido Leve,21.0,M
83452754,01/04/16,RN,427,CAICO,Falta de atenção,Atropelamento de pessoa,Com Vítimas Feridas,Pleno dia,Ceu Claro,Simples,Urbano,,Ferido Leve,44.0,F
83452823,01/04/16,RN,101,SAO GONCALO DO AMARANTE,Outras,Colisão Transversal,Sem Vítimas,Pleno dia,Ceu Claro,Dupla,Urbano,Caminhão-Trator,Ileso,44.0,M
83452823,01/04/16,RN,101,SAO GONCALO DO AMARANTE,Outras,Colisão Transversal,Sem Vítimas,Pleno dia,Ceu Claro,Dupla,Urbano,Caminhão,Ileso,18.0,M
83452793,01/04/16,RN,226,SANTA CRUZ,Outras,Colisão lateral,Com Vítimas Feridas,Pleno dia,Sol,Simples,Urbano,Ciclomotor,Ferido Leve,17.0,F
83452793,01/04/16,RN,226,SANTA CRUZ,Outras,Colisão lateral,Com Vítimas Feridas,Pleno dia,Sol,Simples,Urbano,Microônibus,Ileso,40.0,M
83452828,01/04/16,RN,406,CEARA-MIRIM,Outras,Colisão lateral,Sem Vítimas,Plena noite,Nublado,Simples,Urbano,Automóvel,Ileso,47.0,F
83452828,01/04/16,RN,406,CEARA-MIRIM,Outras,Colisão lateral,Sem Vítimas,Plena noite,Nublado,Simples,Urbano,Automóvel,Ignorado,,M
83452858,02/04/16,RN,226,NATAL,Outras,Colisão com objeto fixo,Com Vítimas Feridas,Plena noite,Ceu Claro,Dupla,Urbano,Motocicletas,Ferido Grave,,M
83456326,02/04/16,RN,226,SANTA CRUZ,Outras,Colisão Transversal,Com Vítimas Feridas,Amanhecer,Ceu Claro,Simples,Urbano,Motocicletas,Ferido Grave,48.0,M
83456326,02/04/16,RN,226,SANTA CRUZ,Outras,Colisão Transversal,Com Vítimas Feridas,Amanhecer,Ceu Claro,Simples,Urbano,Motocicletas,Ignorado,,I
83452944,02/04/16,RN,101,SAO JOSE DE MIPIBU,Ingestão de álcool,Atropelamento de pessoa,Com Vítimas Feridas,Pleno dia,Ceu Claro,Dupla,Rural,Motocicletas,Ferido Leve,39.0,M
83452944,02/04/16,RN,101,SAO JOSE DE MIPIBU,Ingestão de álcool,Atropelamento de pessoa,Com Vítimas Feridas,Pleno dia,Ceu Claro,Dupla,Rural,,Ferido Leve,,M
83477440,02/04/16,RN,226,PAU DOS FERROS,Outras,Colisão Transversal,Com Vítimas Feridas,Pleno dia,Ceu Claro,Simples,Rural,Motocicletas,Ferido Grave,28.0,M
83477440,02/04/16,RN,226,PAU DOS FERROS,Outras,Colisão Transversal,Com Vítimas Feridas,Pleno dia,Ceu Claro,Simples,Rural,Automóvel,Ileso,33.0,F
83456285,02/04/16,RN,406,CEARA-MIRIM,Não guardar distância de segurança,Colisão traseira,Com Vítimas Feridas,Plena noite,Vento,Simples,Rural,Motocicletas,Ferido Grave,38.0,M
83456285,02/04/16,RN,406,CEARA-MIRIM,Não guardar distância de segurança,Colisão traseira,Com Vítimas Feridas,Plena noite,Vento,Simples,Rural,Motocicletas,Ferido Grave,37.0,M
83456285,02/04/16,RN,406,CEARA-MIRIM,Não guardar distância de segurança,Colisão traseira,Com Vítimas Feridas,Plena noite,Vento,Simples,Rural,Automóvel,Ileso,29.0,M
83454026,03/04/16,RN,304,MOSSORO,Outras,Atropelamento de pessoa,Com Vítimas Fatais,Plena noite,Nublado,Dupla,Urbano,Motocicletas,Morto,22.0,M
83454026,03/04/16,RN,304,MOSSORO,Outras,Atropelamento de pessoa,Com Vítimas Fatais,Plena noite,Nublado,Dupla,Urbano,,Ferido Grave,35.0,M
83453341,03/04/16,RN,101,PARNAMIRIM,Ingestão de álcool,Colisão lateral,Sem Vítimas,Pleno dia,Nublado,Dupla,Urbano,Automóvel,Ileso,53.0,M
83453341,03/04/16,RN,101,PARNAMIRIM,Ingestão de álcool,Colisão lateral,Sem Vítimas,Pleno dia,Nublado,Dupla,Urbano,Motocicletas,Ileso,28.0,M
83453400,03/04/16,RN,101,PARNAMIRIM,Não guardar distância de segurança,Colisão traseira,Com Vítimas Feridas,Plena noite,Nublado,Dupla,Urbano,Automóvel,Ileso,25.0,M
83453400,03/04/16,RN,101,PARNAMIRIM,Não guardar distância de segurança,Colisão traseira,Com Vítimas Feridas,Plena noite,Nublado,Dupla,Urbano,Motocicletas,Ferido Leve,30.0,M
83453499,04/04/16,RN,101,TOUROS,Dormindo,Colisão lateral,Com Vítimas Feridas,Amanhecer,Nublado,Simples,Rural,Caminhonete,Ileso,34.0,M
83453499,04/04/16,RN,101,TOUROS,Dormindo,Colisão lateral,Com Vítimas Feridas,Amanhecer,Nublado,Simples,Rural,Ciclomotor,Ferido Leve,48.0,M
83453499,04/04/16,RN,101,TOUROS,Dormindo,Colisão lateral,Com Vítimas Feridas,Amanhecer,Nublado,Simples,Rural,Ciclomotor,Ferido Grave,42.0,F
83453453,04/04/16,RN,110,MOSSORO,Ultrapassagem indevida,Colisão Transversal,Com Vítimas Feridas,Pleno dia,Nublado,Simples,Urbano,Automóvel,Ileso,29.0,M
83453453,04/04/16,RN,110,MOSSORO,Ultrapassagem indevida,Colisão Transversal,Com Vítimas Feridas,Pleno dia,Nublado,Simples,Urbano,Motocicletas,Ferido Leve,23.0,M
83455918,04/04/16,RN,226,MOSSORO,Falta de atenção,Colisão Transversal,Com Vítimas Feridas,Pleno dia,Ceu Claro,Simples,Rural,Automóvel,Ileso,68.0,M
83455918,04/04/16,RN,226,MOSSORO,Falta de atenção,Colisão Transversal,Com Vítimas Feridas,Pleno dia,Ceu Claro,Simples,Rural,Motocicletas,Ferido Grave,39.0,M
83453658,04/04/16,RN,427,ACARI,Outras,Capotamento,Sem Vítimas,Pleno dia,Chuva,Simples,Rural,Caminhonete,Ileso,35.0,M
83453594,04/04/16,RN,405,MOSSORO,Outras,Colisão Transversal,Com Vítimas Feridas,Pleno dia,Ceu Claro,Dupla,Urbano,Ciclomotor,Ferido Leve,20.0,M
83453594,04/04/16,RN,405,MOSSORO,Outras,Colisão Transversal,Com Vítimas Feridas,Pleno dia,Ceu Claro,Dupla,Urbano,Caminhão,Ileso,43.0,M
83453594,04/04/16,RN,405,MOSSORO,Outras,Colisão Transversal,Com Vítimas Feridas,Pleno dia,Ceu Claro,Dupla,Urbano,Ciclomotor,Ferido Leve,16.0,M
83453691,04/04/16,RN,304,MOSSORO,Ingestão de álcool,Colisão lateral,Sem Vítimas,Plena noite,Nublado,Simples,Rural,Caminhonete,Ileso,48.0,M
83453691,04/04/16,RN,304,MOSSORO,Ingestão de álcool,Colisão lateral,Sem Vítimas,Plena noite,Nublado,Simples,Rural,Caminhão,Ignorado,,I
83453693,04/04/16,RN,427,CAICO,Falta de atenção,Colisão Transversal,Com Vítimas Feridas,Plena noite,Nublado,Simples,Urbano,Motoneta,Ferido Leve,20.0,F
83453693,04/04/16,RN,427,CAICO,Falta de atenção,Colisão Transversal,Com Vítimas Feridas,Plena noite,Nublado,Simples,Urbano,Motocicletas,Ferido Leve,34.0,M
83453693,04/04/16,RN,427,CAICO,Falta de atenção,Colisão Transversal,Com Vítimas Feridas,Plena noite,Nublado,Simples,Urbano,Motocicletas,Ferido Leve,,F
83453736,05/04/16,RN,304,MOSSORO,Falta de atenção,Colisão traseira,Com Vítimas Feridas,Pleno dia,Ceu Claro,Simples,Urbano,Automóvel,Ileso,27.0,F
83453736,05/04/16,RN,304,MOSSORO,Falta de atenção,Colisão traseira,Com Vítimas Feridas,Pleno dia,Ceu Claro,Simples,Urbano,Motocicletas,Ferido Leve,,M
83455071,05/04/16,RN,101,PARNAMIRIM,Não guardar distância de segurança,Colisão traseira,Sem Vítimas,Pleno dia,Ceu Claro,Dupla,Urbano,Camioneta,Ileso,47.0,F
83455071,05/04/16,RN,101,PARNAMIRIM,Não guardar distância de segurança,Colisão traseira,Sem Vítimas,Pleno dia,Ceu Claro,Dupla,Urbano,Automóvel,Ileso,33.0,M
83455071,05/04/16,RN,101,PARNAMIRIM,Não guardar distância de segurança,Colisão traseira,Sem Vítimas,Pleno dia,Ceu Claro,Dupla,Urbano,Automóvel,Ileso,41.0,F
83455071,05/04/16,RN,101,PARNAMIRIM,Não guardar distância de segurança,Colisão traseira,Sem Vítimas,Pleno dia,Ceu Claro,Dupla,Urbano,Automóvel,Ileso,54.0,F
83455071,05/04/16,RN,101,PARNAMIRIM,Não guardar distância de segurança,Colisão traseira,Sem Vítimas,Pleno dia,Ceu Claro,Dupla,Urbano,Automóvel,Ileso,35.0,F
83455071,05/04/16,RN,101,PARNAMIRIM,Não guardar distância de segurança,Colisão traseira,Sem Vítimas,Pleno dia,Ceu Claro,Dupla,Urbano,Automóvel,Ileso,54.0,M
83455071,05/04/16,RN,101,PARNAMIRIM,Não guardar distância de segurança,Colisão traseira,Sem Vítimas,Pleno dia,Ceu Claro,Dupla,Urbano,Automóvel,Ileso,45.0,F
83454086,06/04/16,RN,226,CAMPO GRANDE,Defeito na via,Tombamento,Sem Vítimas,Pleno dia,Ceu Claro,Simples,Rural,Caminhão,Ileso,67.0,M
83454071,06/04/16,RN,226,SANTA CRUZ,Outras,Colisão Transversal,Com Vítimas Feridas,Pleno dia,Ceu Claro,Simples,Urbano,Motocicletas,Ferido Leve,43.0,M
83454071,06/04/16,RN,226,SANTA CRUZ,Outras,Colisão Transversal,Com Vítimas Feridas,Pleno dia,Ceu Claro,Simples,Urbano,Motocicletas,Ferido Leve,,F
83454071,06/04/16,RN,226,SANTA CRUZ,Outras,Colisão Transversal,Com Vítimas Feridas,Pleno dia,Ceu Claro,Simples,Urbano,Automóvel,Ignorado,,I
83454380,06/04/16,RN,405,SEVERIANO MELO,Dormindo,Saída de Pista,Sem Vítimas,Pleno dia,Ceu Claro,Simples,Rural,Caminhão-Trator,Ileso,57.0,M
83454124,06/04/16,RN,304,MOSSORO,Falta de atenção,Colisão Transversal,Com Vítimas Feridas,Pleno dia,Ceu Claro,Dupla,Urbano,Ciclomotor,Ferido Leve,26.0,F
83454124,06/04/16,RN,304,MOSSORO,Falta de atenção,Colisão Transversal,Com Vítimas Feridas,Pleno dia,Ceu Claro,Dupla,Urbano,Automóvel,Ileso,33.0,M
83454337,07/04/16,RN,110,MOSSORO,Falta de atenção,Colisão lateral,Com Vítimas Feridas,Pleno dia,Ceu Claro,Simples,Urbano,Ciclomotor,Ferido Leve,34.0,M
83454337,07/04/16,RN,110,MOSSORO,Falta de atenção,Colisão lateral,Com Vítimas Feridas,Pleno dia,Ceu Claro,Simples,Urbano,Ciclomotor,Ferido Leve,5.0,M
83454337,07/04/16,RN,110,MOSSORO,Falta de atenção,Colisão lateral,Com Vítimas Feridas,Pleno dia,Ceu Claro,Simples,Urbano,Ciclomotor,Ferido Leve,35.0,F
83454337,07/04/16,RN,110,MOSSORO,Falta de atenção,Colisão lateral,Com Vítimas Feridas,Pleno dia,Ceu Claro,Simples,Urbano,Automóvel,Ileso,39.0,F
83454642,07/04/16,RN,110,MOSSORO,Não guardar distância de segurança,Colisão traseira,Com Vítimas Feridas,Pleno dia,Sol,Simples,Urbano,Automóvel,Ileso,35.0,F
83454642,07/04/16,RN,110,MOSSORO,Não guardar distância de segurança,Colisão traseira,Com Vítimas Feridas,Pleno dia,Sol,Simples,Urbano,Motocicletas,Ferido Leve,42.0,M
83454409,07/04/16,RN,101,NATAL,Velocidade incompatível,Capotamento,Com Vítimas Feridas,Pleno dia,Sol,Múltipla,Urbano,Automóvel,Ferido Leve,31.0,M
83454409,07/04/16,RN,101,NATAL,Velocidade incompatível,Capotamento,Com Vítimas Feridas,Pleno dia,Sol,Múltipla,Urbano,Automóvel,Ferido Leve,27.0,M
83454415,07/04/16,RN,406,CEARA-MIRIM,Não guardar distância de segurança,Colisão traseira,Com Vítimas Feridas,Plena noite,Ceu Claro,Simples,Urbano,Automóvel,Ileso,37.0,M
83454415,07/04/16,RN,406,CEARA-MIRIM,Não guardar distância de segurança,Colisão traseira,Com Vítimas Feridas,Plena noite,Ceu Claro,Simples,Urbano,Ciclomotor,Ferido Leve,22.0,M
83454576,08/04/16,RN,406,CEARA-MIRIM,Outras,Atropelamento de pessoa,Com Vítimas Feridas,Plena noite,Ceu Claro,Simples,Urbano,,Ferido Grave,77.0,M
83454576,08/04/16,RN,406,CEARA-MIRIM,Outras,Atropelamento de pessoa,Com Vítimas Feridas,Plena noite,Ceu Claro,Simples,Urbano,Automóvel,Ignorado,,I
83454503,08/04/16,RN,110,MOSSORO,Ingestão de álcool,Colisão frontal,Com Vítimas Feridas,Amanhecer,Ceu Claro,Simples,Urbano,Automóvel,Ferido Leve,26.0,M
83454503,08/04/16,RN,110,MOSSORO,Ingestão de álcool,Colisão frontal,Com Vítimas Feridas,Amanhecer,Ceu Claro,Simples,Urbano,Motocicletas,Ferido Grave,22.0,M
83454503,08/04/16,RN,110,MOSSORO,Ingestão de álcool,Colisão frontal,Com Vítimas Feridas,Amanhecer,Ceu Claro,Simples,Urbano,Automóvel,Ileso,21.0,M
83454503,08/04/16,RN,110,MOSSORO,Ingestão de álcool,Colisão frontal,Com Vítimas Feridas,Amanhecer,Ceu Claro,Simples,Urbano,Automóvel,Ileso,22.0,M
83454503,08/04/16,RN,110,MOSSORO,Ingestão de álcool,Colisão frontal,Com Vítimas Feridas,Amanhecer,Ceu Claro,Simples,Urbano,Automóvel,Ileso,24.0,M
83454503,08/04/16,RN,110,MOSSORO,Ingestão de álcool,Colisão frontal,Com Vítimas Feridas,Amanhecer,Ceu Claro,Simples,Urbano,Motocicletas,Ferido Leve,31.0,F
83454503,08/04/16,RN,110,MOSSORO,Ingestão de álcool,Colisão frontal,Com Vítimas Feridas,Amanhecer,Ceu Claro,Simples,Urbano,Motocicletas,Ferido Leve,22.0,F
83455487,08/04/16,RN,101,PARNAMIRIM,Falta de atenção,Colisão traseira,Sem Vítimas,Anoitecer,Ceu Claro,Dupla,Urbano,Automóvel,Ileso,,M
83455487,08/04/16,RN,101,PARNAMIRIM,Falta de atenção,Colisão traseira,Sem Vítimas,Anoitecer,Ceu Claro,Dupla,Urbano,Automóvel,Ileso,,M
83454778,08/04/16,RN,226,NATAL,Desobediência à sinalização,Colisão Transversal,Com Vítimas Feridas,Plena noite,Ceu Claro,Simples,Rural,Motocicletas,Ferido Leve,,M
83454778,08/04/16,RN,226,NATAL,Desobediência à sinalização,Colisão Transversal,Com Vítimas Feridas,Plena noite,Ceu Claro,Simples,Rural,Automóvel,Ileso,,M
83455698,09/04/16,RN,304,MOSSORO,Falta de atenção,Colisão Transversal,Com Vítimas Feridas,Pleno dia,Sol,Dupla,Urbano,Motocicletas,Ferido Grave,29.0,F
83455698,09/04/16,RN,304,MOSSORO,Falta de atenção,Colisão Transversal,Com Vítimas Feridas,Pleno dia,Sol,Dupla,Urbano,Automóvel,Ileso,,M
83455099,09/04/16,RN,427,JARDIM DO SERIDO,Defeito na via,Queda de motocicleta / bicicleta / veículo,Com Vítimas Fatais,Plena noite,Ceu Claro,Simples,Rural,Motocicletas,Morto,17.0,M
83455099,09/04/16,RN,427,JARDIM DO SERIDO,Defeito na via,Queda de motocicleta / bicicleta / veículo,Com Vítimas Fatais,Plena noite,Ceu Claro,Simples,Rural,Automóvel,Ignorado,,I
83456030,10/04/16,RN,110,AREIA BRANCA,Outras,Queda de motocicleta / bicicleta / veículo,Com Vítimas Fatais,Amanhecer,Sol,Simples,Rural,Ciclomotor,Ileso,24.0,M
83456030,10/04/16,RN,110,AREIA BRANCA,Outras,Queda de motocicleta / bicicleta / veículo,Com Vítimas Fatais,Amanhecer,Sol,Simples,Rural,Ciclomotor,Morto,31.0,M
83455332,10/04/16,RN,304,MACAIBA,Falta de atenção,Colisão traseira,Com Vítimas Feridas,Pleno dia,Ceu Claro,Simples,Urbano,Automóvel,Ileso,20.0,M
83455332,10/04/16,RN,304,MACAIBA,Falta de atenção,Colisão traseira,Com Vítimas Feridas,Pleno dia,Ceu Claro,Simples,Urbano,Motocicletas,Ferido Leve,43.0,M
83455191,10/04/16,RN,101,ARES,Outras,Capotamento,Sem Vítimas,Pleno dia,Nublado,Dupla,Rural,Automóvel,Ileso,27.0,M
83456170,10/04/16,RN,226,BOM JESUS,Outras,Colisão frontal,Com Vítimas Fatais,Pleno dia,Chuva,Simples,Rural,Automóvel,Morto,42.0,M
83456170,10/04/16,RN,226,BOM JESUS,Outras,Colisão frontal,Com Vítimas Fatais,Pleno dia,Chuva,Simples,Rural,Automóvel,Ferido Grave,41.0,M