id,data_inversa,uf,br,municipio,causa_acidente,tipo_acidente,classificacao_acidente,fase_dia,condicao_metereologica,tipo_pista,uso_solo,tipo_veiculo,estado_fisico,idade,sexo
83479614,07/07/16,RN,110,MOSSORO,Falta de atenção,Colisão Transversal,Com Vítimas Feridas,Pleno dia,Ceu Claro,Dupla,Urbano,Motocicletas,Ferido Leve,43.0,F
83479614,07/07/16,RN,110,MOSSORO,Falta de atenção,Colisão Transversal,Com Vítimas Feridas,Pleno dia,Ceu Claro,Dupla,Urbano,Automóvel,Ileso,34.0,M
83479569,07/07/16,RN,406,JOAO CAMARA,Outras,Atropelamento de pessoa,Com Vítimas Fatais,Pleno dia,Sol,Simples,Urbano,,Morto,75.0,F
83479569,07/07/16,RN,406,JOAO CAMARA,Outras,Atropelamento de pessoa,Com Vítimas Fatais,Pleno dia,Sol,Simples,Urbano,Automóvel,Ileso,75.0,M
83479575,07/07/16,RN,101,CANGUARETAMA,Desobediência à sinalização,Colisão frontal,Com Vítimas Feridas,Pleno dia,Sol,Simples,Rural,Automóvel,Ferido Leve,41.0,F
83479575,07/07/16,RN,101,CANGUARETAMA,Desobediência à sinalização,Colisão frontal,Com Vítimas Feridas,Pleno dia,Sol,Simples,Rural,Automóvel,Ferido Grave,69.0,M
83479575,07/07/16,RN,101,CANGUARETAMA,Desobediência à sinalização,Colisão frontal,Com Vítimas Feridas,Pleno dia,Sol,Simples,Rural,Automóvel,Ferido Grave,10.0,F
83479575,07/07/16,RN,101,CANGUARETAMA,Desobediência à sinalização,Colisão frontal,Com Vítimas Feridas,Pleno dia,Sol,Simples,Rural,Automóvel,Ferido Leve,13.0,M
83479575,07/07/16,RN,101,CANGUARETAMA,Desobediência à sinalização,Colisão frontal,Com Vítimas Feridas,Pleno dia,Sol,Simples,Rural,Automóvel,Ferido Leve,15.0,M
83479681,07/07/16,RN,226,NATAL,Falta de atenção,Colisão Transversal,Com Vítimas Feridas,Pleno dia,Ceu Claro,Simples,Urbano,Caminhão,Ileso,43.0,M
83479681,07/07/16,RN,226,NATAL,Falta de atenção,Colisão Transversal,Com Vítimas Feridas,Pleno dia,Ceu Claro,Simples,Urbano,Motocicletas,Ferido Grave,24.0,M
83479681,07/07/16,RN,226,NATAL,Falta de atenção,Colisão Transversal,Com Vítimas Feridas,Pleno dia,Ceu Claro,Simples,Urbano,Motocicletas,Ferido Grave,37.0,F
83479629,07/07/16,RN,304,MOSSORO,Falta de atenção,Colisão Transversal,Com Vítimas Feridas,Plena noite,Ceu Claro,Dupla,Urbano,Automóvel,Ileso,64.0,M
83479629,07/07/16,RN,304,MOSSORO,Falta de atenção,Colisão Transversal,Com Vítimas Feridas,Plena noite,Ceu Claro,Dupla,Urbano,Ciclomotor,Ferido Leve,45.0,M
83479732,08/07/16,RN,226,CURRAIS NOVOS,Outras,Saída de Pista,Com Vítimas Feridas,Plena noite,Ceu Claro,Simples,Rural,Caminhão,Ferido Leve,26.0,M
83479779,08/07/16,RN,101,NATAL,Falta de atenção,Colisão traseira,Sem Vítimas,Pleno dia,Ceu Claro,Dupla,Urbano,Automóvel,Ileso,20.0,F
83479779,08/07/16,RN,101,NATAL,Falta de atenção,Colisão traseira,Sem Vítimas,Pleno dia,Ceu Claro,Dupla,Urbano,Automóvel,Ileso,53.0,M
83479779,08/07/16,RN,101,NATAL,Falta de atenção,Colisão traseira,Sem Vítimas,Pleno dia,Ceu Claro,Dupla,Urbano,Camioneta,Ileso,54.0,M
83479779,08/07/16,RN,101,NATAL,Falta de atenção,Colisão traseira,Sem Vítimas,Pleno dia,Ceu Claro,Dupla,Urbano,Automóvel,Ileso,29.0,M
83479926,08/07/16,RN,304,CAICARA DO RIO DO VENTO,Falta de atenção,Saída de Pista,Com Vítimas Feridas,Pleno dia,Ceu Claro,Simples,Rural,Automóvel,Ferido Leve,66.0,F
83479926,08/07/16,RN,304,CAICARA DO RIO DO VENTO,Falta de atenção,Saída de Pista,Com Vítimas Feridas,Pleno dia,Ceu Claro,Simples,Rural,Automóvel,Ferido Leve,45.0,F
83479926,08/07/16,RN,304,CAICARA DO RIO DO VENTO,Falta de atenção,Saída de Pista,Com Vítimas Feridas,Pleno dia,Ceu Claro,Simples,Rural,Automóvel,Ferido Leve,9.0,M
83479926,08/07/16,RN,304,CAICARA DO RIO DO VENTO,Falta de atenção,Saída de Pista,Com Vítimas Feridas,Pleno dia,Ceu Claro,Simples,Rural,Automóvel,Ferido Leve,23.0,F
83479926,08/07/16,RN,304,CAICARA DO RIO DO VENTO,Falta de atenção,Saída de Pista,Com Vítimas Feridas,Pleno dia,Ceu Claro,Simples,Rural,Automóvel,Ferido Leve,24.0,M
83480623,08/07/16,RN,101,NATAL,Outras,Colisão traseira,Sem Vítimas,Anoitecer,Ceu Claro,Dupla,Urbano,Automóvel,Ileso,39.0,M
83480623,08/07/16,RN,101,NATAL,Outras,Colisão traseira,Sem Vítimas,Anoitecer,Ceu Claro,Dupla,Urbano,Automóvel,Ileso,33.0,F
83480623,08/07/16,RN,101,NATAL,Outras,Colisão traseira,Sem Vítimas,Anoitecer,Ceu Claro,Dupla,Urbano,Automóvel,Ileso,59.0,F
83480623,08/07/16,RN,101,NATAL,Outras,Colisão traseira,Sem Vítimas,Anoitecer,Ceu Claro,Dupla,Urbano,Automóvel,Ileso,,F
83480623,08/07/16,RN,101,NATAL,Outras,Colisão traseira,Sem Vítimas,Anoitecer,Ceu Claro,Dupla,Urbano,Automóvel,Ileso,,F
83480623,08/07/16,RN,101,NATAL,Outras,Colisão traseira,Sem Vítimas,Anoitecer,Ceu Claro,Dupla,Urbano,Automóvel,Ileso,27.0,F
83479953,08/07/16,RN,427,ACARI,Ingestão de álcool,Colisão com bicicleta,Com Vítimas Feridas,Plena noite,Ceu Claro,Simples,Urbano,Bicicleta,Ferido Grave,59.0,M
83479953,08/07/16,RN,427,ACARI,Ingestão de álcool,Colisão com bicicleta,Com Vítimas Feridas,Plena noite,Ceu Claro,Simples,Urbano,Automóvel,Ignorado,,I
83480107,08/07/16,RN,304,ANGICOS,Ingestão de álcool,Colisão frontal,Sem Vítimas,Plena noite,Ceu Claro,Simples,Rural,Automóvel,Ignorado,,I
83480107,08/07/16,RN,304,ANGICOS,Ingestão de álcool,Colisão frontal,Sem Vítimas,Plena noite,Ceu Claro,Simples,Rural,Caminhão,Ileso,69.0,M
83480102,09/07/16,RN,304,ANGICOS,Dormindo,Colisão frontal,Com Vítimas Feridas,Pleno dia,Ceu Claro,Simples,Rural,Automóvel,Ferido Grave,46.0,M
83480102,09/07/16,RN,304,ANGICOS,Dormindo,Colisão frontal,Com Vítimas Feridas,Pleno dia,Ceu Claro,Simples,Rural,Automóvel,Ferido Grave,32.0,M
83480102,09/07/16,RN,304,ANGICOS,Dormindo,Colisão frontal,Com Vítimas Feridas,Pleno dia,Ceu Claro,Simples,Rural,Caminhão,Ileso,36.0,M
83481303,09/07/16,RN,304,SAO PEDRO,Velocidade incompatível,Capotamento,Com Vítimas Feridas,Pleno dia,Sol,Simples,Rural,Automóvel,Ileso,60.0,M
83481303,09/07/16,RN,304,SAO PEDRO,Velocidade incompatível,Capotamento,Com Vítimas Feridas,Pleno dia,Sol,Simples,Rural,Automóvel,Ferido Leve,37.0,M
83481303,09/07/16,RN,304,SAO PEDRO,Velocidade incompatível,Capotamento,Com Vítimas Feridas,Pleno dia,Sol,Simples,Rural,Automóvel,Ferido Leve,56.0,M
83480094,09/07/16,RN,101,SAO JOSE DE MIPIBU,Defeito na via,Queda de motocicleta / bicicleta / veículo,Com Vítimas Feridas,Pleno dia,Ceu Claro,Dupla,Rural,Motocicletas,Ferido Leve,34.0,M
83480094,09/07/16,RN,101,SAO JOSE DE MIPIBU,Defeito na via,Queda de motocicleta / bicicleta / veículo,Com Vítimas Feridas,Pleno dia,Ceu Claro,Dupla,Rural,Motocicletas,Ferido Leve,30.0,F
83480797,09/07/16,RN,101,NATAL,Ingestão de álcool,Colisão com bicicleta,Com Vítimas Feridas,Plena noite,Ceu Claro,Dupla,Urbano,Caminhão,Ileso,40.0,M
83480797,09/07/16,RN,101,NATAL,Ingestão de álcool,Colisão com bicicleta,Com Vítimas Feridas,Plena noite,Ceu Claro,Dupla,Urbano,Não identificado,Ferido Leve,40.0,M
83480207,09/07/16,RN,226,CURRAIS NOVOS,Animais na Pista,Atropelamento de animal,Com Vítimas Feridas,Plena noite,Ceu Claro,Simples,Rural,Motocicletas,Ferido Grave,37.0,M
83494257,10/07/16,RN,101,NATAL,Falta de atenção,Colisão lateral,Com Vítimas Feridas,Pleno dia,Sol,Dupla,Urbano,Motocicletas,Ferido Grave,16.0,M
83494257,10/07/16,RN,101,NATAL,Falta de atenção,Colisão lateral,Com Vítimas Feridas,Pleno dia,Sol,Dupla,Urbano,Automóvel,Ileso,,M
83480518,10/07/16,RN,406,JOAO CAMARA,Outras,Colisão Transversal,Com Vítimas Fatais,Pleno dia,Ceu Claro,Simples,Urbano,Automóvel,Ignorado,39.0,M
83480518,10/07/16,RN,406,JOAO CAMARA,Outras,Colisão Transversal,Com Vítimas Fatais,Pleno dia,Ceu Claro,Simples,Urbano,Motocicletas,Ferido Grave,,I
83480518,10/07/16,RN,406,JOAO CAMARA,Outras,Colisão Transversal,Com Vítimas Fatais,Pleno dia,Ceu Claro,Simples,Urbano,Motocicletas,Morto,32.0,M
83481294,10/07/16,RN,304,MOSSORO,Desobediência à sinalização,Colisão frontal,Com Vítimas Fatais,Plena noite,Ceu Claro,Dupla,Urbano,Caminhonete,Ileso,45.0,M
83481294,10/07/16,RN,304,MOSSORO,Desobediência à sinalização,Colisão frontal,Com Vítimas Fatais,Plena noite,Ceu Claro,Dupla,Urbano,Caminhonete,Ileso,16.0,M
83481294,10/07/16,RN,304,MOSSORO,Desobediência à sinalização,Colisão frontal,Com Vítimas Fatais,Plena noite,Ceu Claro,Dupla,Urbano,Ciclomotor,Morto,,M
83481294,10/07/16,RN,304,MOSSORO,Desobediência à sinalização,Colisão frontal,Com Vítimas Fatais,Plena noite,Ceu Claro,Dupla,Urbano,Ciclomotor,Morto,34.0,M
83483353,11/07/16,RN,226,CURRAIS NOVOS,Outras,Atropelamento de pessoa,Com Vítimas Fatais,Pleno dia,Ceu Claro,Dupla,Urbano,,Morto,57.0,F
83483353,11/07/16,RN,226,CURRAIS NOVOS,Outras,Atropelamento de pessoa,Com Vítimas Fatais,Pleno dia,Ceu Claro,Dupla,Urbano,Motocicletas,Ileso,,M
83481979,11/07/16,RN,427,CAICO,Falta de atenção,Colisão lateral,Sem Vítimas,Pleno dia,Ceu Claro,Simples,Urbano,Microônibus,Ileso,39.0,M
83481979,11/07/16,RN,427,CAICO,Falta de atenção,Colisão lateral,Sem Vítimas,Pleno dia,Ceu Claro,Simples,Urbano,Ônibus,Ileso,52.0,M
83481759,11/07/16,RN,304,PARNAMIRIM,Falta de atenção,Colisão Transversal,Com Vítimas Feridas,Plena noite,Ceu Claro,Dupla,Urbano,Carroça,Ferido Leve,52.0,M
83481759,11/07/16,RN,304,PARNAMIRIM,Falta de atenção,Colisão Transversal,Com Vítimas Feridas,Plena noite,Ceu Claro,Dupla,Urbano,Carroça,Ferido Leve,,F
83481759,11/07/16,RN,304,PARNAMIRIM,Falta de atenção,Colisão Transversal,Com Vítimas Feridas,Plena noite,Ceu Claro,Dupla,Urbano,Automóvel,Ileso,39.0,M
83480833,11/07/16,RN,226,TANGARA,Animais na Pista,Atropelamento de animal,Com Vítimas Feridas,Plena noite,Ceu Claro,Simples,Urbano,Automóvel,Ferido Leve,69.0,M
83481923,12/07/16,RN,427,ACARI,Outras,Colisão traseira,Com Vítimas Fatais,Amanhecer,Ceu Claro,Simples,Rural,Ciclomotor,Morto,,M
83481923,12/07/16,RN,427,ACARI,Outras,Colisão traseira,Com Vítimas Fatais,Amanhecer,Ceu Claro,Simples,Rural,Não identificado,Ignorado,,I
83480893,12/07/16,RN,101,NATAL,Falta de atenção,Colisão lateral,Com Vítimas Feridas,Pleno dia,Ceu Claro,Dupla,Urbano,Automóvel,Ileso,37.0,M
83480893,12/07/16,RN,101,NATAL,Falta de atenção,Colisão lateral,Com Vítimas Feridas,Pleno dia,Ceu Claro,Dupla,Urbano,Motocicletas,Ferido Leve,,M
83481015,12/07/16,RN,101,NATAL,Não guardar distância de segurança,Colisão traseira,Com Vítimas Feridas,Pleno dia,Ceu Claro,Dupla,Urbano,Automóvel,Ileso,32.0,M
83481015,12/07/16,RN,101,NATAL,Não guardar distância de segurança,Colisão traseira,Com Vítimas Feridas,Pleno dia,Ceu Claro,Dupla,Urbano,Automóvel,Ferido Leve,60.0,F
83481015,12/07/16,RN,101,NATAL,Não guardar distância de segurança,Colisão traseira,Com Vítimas Feridas,Pleno dia,Ceu Claro,Dupla,Urbano,Caminhonete,Ileso,73.0,M
83481015,12/07/16,RN,101,NATAL,Não guardar distância de segurança,Colisão traseira,Com Vítimas Feridas,Pleno dia,Ceu Claro,Dupla,Urbano,Utilitário,Ileso,78.0,M
83480997,12/07/16,RN,406,NATAL,Ingestão de álcool,Colisão lateral,Sem Vítimas,Pleno dia,Ceu Claro,Dupla,Urbano,Automóvel,Ileso,,M
83480997,12/07/16,RN,406,NATAL,Ingestão de álcool,Colisão lateral,Sem Vítimas,Pleno dia,Ceu Claro,Dupla,Urbano,Automóvel,Ileso,43.0,F
83481083,12/07/16,RN,101,PARNAMIRIM,Falta de atenção,Colisão traseira,Com Vítimas Feridas,Plena noite,Ceu Claro,Múltipla,Urbano,Camioneta,Ileso,40.0,M
83481083,12/07/16,RN,101,PARNAMIRIM,Falta de atenção,Colisão traseira,Com Vítimas Feridas,Plena noite,Ceu Claro,Múltipla,Urbano,Automóvel,Ileso,37.0,M
83481083,12/07/16,RN,101,PARNAMIRIM,Falta de atenção,Colisão traseira,Com Vítimas Feridas,Plena noite,Ceu Claro,Múltipla,Urbano,Automóvel,Ferido Leve,,M
83482006,13/07/16,RN,101,SAO GONCALO DO AMARANTE,Não guardar distância de segurança,Colisão traseira,Com Vítimas Feridas,Pleno dia,Ceu Claro,Dupla,Urbano,Motocicletas,Ileso,22.0,M
83482006,13/07/16,RN,101,SAO GONCALO DO AMARANTE,Não guardar distância de segurança,Colisão traseira,Com Vítimas Feridas,Pleno dia,Ceu Claro,Dupla,Urbano,Motocicletas,Ferido Grave,,M
83481250,13/07/16,RN,304,MOSSORO,Outras,Colisão com bicicleta,Com Vítimas Feridas,Pleno dia,Ceu Claro,Dupla,Urbano,Automóvel,Ileso,42.0,M
83481250,13/07/16,RN,304,MOSSORO,Outras,Colisão com bicicleta,Com Vítimas Feridas,Pleno dia,Ceu Claro,Dupla,Urbano,Bicicleta,Ferido Grave,34.0,M
83481217,13/07/16,RN,405,MOSSORO,Outras,Colisão traseira,Com Vítimas Feridas,Pleno dia,Ceu Claro,Simples,Rural,Automóvel,Ileso,36.0,F
83481217,13/07/16,RN,405,MOSSORO,Outras,Colisão traseira,Com Vítimas Feridas,Pleno dia,Ceu Claro,Simples,Rural,Motocicletas,Ferido Grave,38.0,F
83481217,13/07/16,RN,405,MOSSORO,Outras,Colisão traseira,Com Vítimas Feridas,Pleno dia,Ceu Claro,Simples,Rural,Motocicletas,Ferido Grave,14.0,F
83481217,13/07/16,RN,405,MOSSORO,Outras,Colisão traseira,Com Vítimas Feridas,Pleno dia,Ceu Claro,Simples,Rural,Motocicletas,Ferido Grave,17.0,M
83481542,13/07/16,RN,110,AREIA BRANCA,Falta de atenção,Colisão Transversal,Com Vítimas Feridas,Pleno dia,Ceu Claro,Simples,Rural,Motocicletas,Ferido Grave,23.0,M
83481542,13/07/16,RN,110,AREIA BRANCA,Falta de atenção,Colisão Transversal,Com Vítimas Feridas,Pleno dia,Ceu Claro,Simples,Rural,Automóvel,Ferido Leve,35.0,M
83481542,13/07/16,RN,110,AREIA BRANCA,Falta de atenção,Colisão Transversal,Com Vítimas Feridas,Pleno dia,Ceu Claro,Simples,Rural,Automóvel,Ileso,,M
83481542,13/07/16,RN,110,AREIA BRANCA,Falta de atenção,Colisão Transversal,Com Vítimas Feridas,Pleno dia,Ceu Claro,Simples,Rural,Automóvel,Ileso,,F
83481542,13/07/16,RN,110,AREIA BRANCA,Falta de atenção,Colisão Transversal,Com Vítimas Feridas,Pleno dia,Ceu Claro,Simples,Rural,Automóvel,Ferido Leve,,F
83481513,14/07/16,RN,101,SAO GONCALO DO AMARANTE,Não guardar distância de segurança,Colisão traseira,Com Vítimas Feridas,Amanhecer,Ceu Claro,Dupla,Urbano,Automóvel,Ileso,28.0,M
83481513,14/07/16,RN,101,SAO GONCALO DO AMARANTE,Não guardar distância de segurança,Colisão traseira,Com Vítimas Feridas,Amanhecer,Ceu Claro,Dupla,Urbano,Motocicletas,Ferido Leve,64.0,M
83481435,14/07/16,RN,406,SAO GONCALO DO AMARANTE,Desobediência à sinalização,Colisão Transversal,Com Vítimas Feridas,Pleno dia,Ceu Claro,Dupla,Urbano,Motocicletas,Ferido Grave,30.0,M
83481435,14/07/16,RN,406,SAO GONCALO DO AMARANTE,Desobediência à sinalização,Colisão Transversal,Com Vítimas Feridas,Pleno dia,Ceu Claro,Dupla,Urbano,Automóvel,Ileso,52.0,M
83481435,14/07/16,RN,406,SAO GONCALO DO AMARANTE,Desobediência à sinalização,Colisão Transversal,Com Vítimas Feridas,Pleno dia,Ceu Claro,Dupla,Urbano,Motocicletas,Ferido Grave,,M
83482452,14/07/16,RN,304,MOSSORO,Defeito mecânico em veículo,Saída de Pista,Com Vítimas Feridas,Pleno dia,Ceu Claro,Simples,Rural,Caminhão-Trator,Ferido Leve,55.0,M
83482452,14/07/16,RN,304,MOSSORO,Defeito mecânico em veículo,Saída de Pista,Com Vítimas Feridas,Pleno dia,Ceu Claro,Simples,Rural,Caminhão-Trator,Ferido Leve,27.0,M
83496806,14/07/16,RN,226,BOM JESUS,Outras,Colisão frontal,Com Vítimas Feridas,Pleno dia,Sol,Simples,Rural,Automóvel,Ignorado,,M
83496806,14/07/16,RN,226,BOM JESUS,Outras,Colisão frontal,Com Vítimas Feridas,Pleno dia,Sol,Simples,Rural,Automóvel,Ferido Grave,32.0,M
83498873,14/07/16,RN,405,MOSSORO,Falta de atenção,Colisão Transversal,Com Vítimas Feridas,Pleno dia,Sol,Dupla,Urbano,Motocicletas,Ferido Grave,38.0,M
83498873,14/07/16,RN,405,MOSSORO,Falta de atenção,Colisão Transversal,Com Vítimas Feridas,Pleno dia,Sol,Dupla,Urbano,Automóvel,Ileso,32.0,M
83481608,14/07/16,RN,101,SAO GONCALO DO AMARANTE,Ingestão de álcool,Colisão lateral,Sem Vítimas,Plena noite,Ceu Claro,Dupla,Urbano,Motocicletas,Ileso,27.0,M
83481608,14/07/16,RN,101,SAO GONCALO DO AMARANTE,Ingestão de álcool,Colisão lateral,Sem Vítimas,Plena noite,Ceu Claro,Dupla,Urbano,Automóvel,Ileso,58.0,M
83482074,15/07/16,RN,110,MOSSORO,Falta de atenção,Colisão traseira,Com Vítimas Feridas,Amanhecer,Sol,Simples,Urbano,Motocicletas,Ignorado,,M
83482074,15/07/16,RN,110,MOSSORO,Falta de atenção,Colisão traseira,Com Vítimas Feridas,Amanhecer,Sol,Simples,Urbano,Motocicletas,Ferido Leve,50.0,M
83482074,15/07/16,RN,110,MOSSORO,Falta de atenção,Colisão traseira,Com Vítimas Feridas,Amanhecer,Sol,Simples,Urbano,Automóvel,Ignorado,,I
83481771,15/07/16,RN,304,MOSSORO,Falta de atenção,Colisão com bicicleta,Com Vítimas Feridas,Pleno dia,Ceu Claro,Dupla,Urbano,Bicicleta,Ileso,,M
83481771,15/07/16,RN,304,MOSSORO,Falta de atenção,Colisão com bicicleta,Com Vítimas Feridas,Pleno dia,Ceu Claro,Dupla,Urbano,Ciclomotor,Ferido Grave,50.0,M
83481803,15/07/16,RN,101,PARNAMIRIM,Falta de atenção,Colisão traseira,Com Vítimas Feridas,Pleno dia,Ceu Claro,Dupla,Urbano,Automóvel,Ileso,50.0,M
83481803,15/07/16,RN,101,PARNAMIRIM,Falta de atenção,Colisão traseira,Com Vítimas Feridas,Pleno dia,Ceu Claro,Dupla,Urbano,Motocicletas,Ferido Leve,50.0,M
83481863,15/07/16,RN,304,ASSU,Animais na Pista,Capotamento,Com Vítimas Feridas,Plena noite,Ceu Claro,Simples,Rural,Automóvel,Ferido Leve,30.0,M
83484648,16/07/16,RN,304,MOSSORO,Defeito na via,Capotamento,Sem Vítimas,Amanhecer,Ceu Claro,Dupla,Urbano,Automóvel,Ileso,49.0,M
83482414,16/07/16,RN,304,MOSSORO,Outras,Queda de motocicleta / bicicleta / veículo,Com Vítimas Fatais,Amanhecer,Ceu Claro,Dupla,Rural,Motoneta,Morto,34.0,F
83482901,16/07/16,RN,101,NATAL,Outras,Queda de motocicleta / bicicleta / veículo,Com Vítimas Fatais,Pleno dia,Ceu Claro,Dupla,Urbano,Motocicletas,Morto,28.0,M
83485028,16/07/16,RN,101,SAO GONCALO DO AMARANTE,Falta de atenção,Colisão Transversal,Sem Vítimas,Pleno dia,Ceu Claro,Dupla,Urbano,Motoneta,Ileso,36.0,M
83485028,16/07/16,RN,101,SAO GONCALO DO AMARANTE,Falta de atenção,Colisão Transversal,Sem Vítimas,Pleno dia,Ceu Claro,Dupla,Urbano,Automóvel,Ileso,,I
83482069,16/07/16,RN,101,NATAL,Não guardar distância de segurança,Colisão traseira,Sem Vítimas,Pleno dia,Ceu Claro,Dupla,Urbano,Automóvel,Ileso,,M
83482069,16/07/16,RN,101,NATAL,Não guardar distância de segurança,Colisão traseira,Sem Vítimas,Pleno dia,Ceu Claro,Dupla,Urbano,Automóvel,Ileso,35.0,M
83482069,16/07/16,RN,101,NATAL,Não guardar distância de segurança,Colisão traseira,Sem Vítimas,Pleno dia,Ceu Claro,Dupla,Urbano,Automóvel,Ileso,,M
83482069,16/07/16,RN,101,NATAL,Não guardar distância de segurança,Colisão traseira,Sem Vítimas,Pleno dia,Ceu Claro,Dupla,Urbano,Camioneta,Ileso,,M
83483086,16/07/16,RN,226,NATAL,Outras,Colisão Transversal,Com Vítimas Feridas,Plena noite,Ceu Claro,Simples,Urbano,Motocicletas,Ferido Leve,,M
83483086,16/07/16,RN,226,NATAL,Outras,Colisão Transversal,Com Vítimas Feridas,Plena noite,Ceu Claro,Simples,Urbano,Motocicletas,Ignorado,,I
83482510,17/07/16,RN,405,RIACHO DE SANTANA,Outras,Colisão frontal,Sem Vítimas,Plena noite,Ceu Claro,Simples,Rural,Caminhão,Ileso,33.0,M
83482510,17/07/16,RN,405,RIACHO DE SANTANA,Outras,Colisão frontal,Sem Vítimas,Plena noite,Ceu Claro,Simples,Rural,Automóvel,Ignorado,,M
83482265,17/07/16,RN,101,NATAL,Outras,Colisão com objeto fixo,Ignorado,Plena noite,Ceu Claro,Simples,Urbano,Automóvel,Ignorado,,I
83482280,17/07/16,RN,101,NATAL,Falta de atenção,Colisão lateral,Sem Vítimas,Plena noite,Ceu Claro,Dupla,Urbano,Automóvel,Ileso,45.0,M
83482280,17/07/16,RN,101,NATAL,Falta de atenção,Colisão lateral,Sem Vítimas,Plena noite,Ceu Claro,Dupla,Urbano,Automóvel,Ileso,25.0,M
83482287,17/07/16,RN,304,PARNAMIRIM,Ingestão de álcool,Colisão traseira,Sem Vítimas,Amanhecer,Ceu Claro,Dupla,Urbano,Automóvel,Ileso,,M
83482287,17/07/16,RN,304,PARNAMIRIM,Ingestão de álcool,Colisão traseira,Sem Vítimas,Amanhecer,Ceu Claro,Dupla,Urbano,Automóvel,Ileso,,M
83482388,17/07/16,RN,304,MACAIBA,Desobediência à sinalização,Colisão Transversal,Com Vítimas Feridas,Pleno dia,Sol,Simples,Urbano,Automóvel,Ileso,60.0,M
83482388,17/07/16,RN,304,MACAIBA,Desobediência à sinalização,Colisão Transversal,Com Vítimas Feridas,Pleno dia,Sol,Simples,Urbano,Motocicletas,Ferido Grave,50.0,F
83482392,17/07/16,RN,101,SAO JOSE DE MIPIBU,Defeito mecânico em veículo,Capotamento,Com Vítimas Feridas,Pleno dia,Ceu Claro,Dupla,Rural,Automóvel,Ileso,46.0,M
83482392,17/07/16,RN,101,SAO JOSE DE MIPIBU,Defeito mecânico em veículo,Capotamento,Com Vítimas Feridas,Pleno dia,Ceu Claro,Dupla,Rural,Automóvel,Ferido Leve,35.0,M
83482392,17/07/16,RN,101,SAO JOSE DE MIPIBU,Defeito mecânico em veículo,Capotamento,Com Vítimas Feridas,Pleno dia,Ceu Claro,Dupla,Rural,Automóvel,Ferido Grave,2.0,M
83482534,17/07/16,RN,304,ANGICOS,Outras,Colisão lateral,Sem Vítimas,Pleno dia,Ceu Claro,Simples,Rural,Automóvel,Ileso,38.0,M
83482534,17/07/16,RN,304,ANGICOS,Outras,Colisão lateral,Sem Vítimas,Pleno dia,Ceu Claro,Simples,Rural,Automóvel,Ileso,,M
83482534,17/07/16,RN,304,ANGICOS,Outras,Colisão lateral,Sem Vítimas,Pleno dia,Ceu Claro,Simples,Rural,Automóvel,Ileso,,I
83482848,17/07/16,RN,226,CAMPO GRANDE,Defeito na via,Capotamento,Com Vítimas Feridas,Pleno dia,Ceu Claro,Simples,Rural,Automóvel,Ferido Leve,31.0,M
83482440,17/07/16,RN,304,MACAIBA,Ingestão de álcool,Colisão lateral,Com Vítimas Feridas,Pleno dia,Sol,Simples,Rural,Automóvel,Ileso,48.0,M
83482440,17/07/16,RN,304,MACAIBA,Ingestão de álcool,Colisão lateral,Com Vítimas Feridas,Pleno dia,Sol,Simples,Rural,Motocicletas,Ferido Leve,,M
83482491,17/07/16,RN,405,MOSSORO,Ingestão de álcool,Colisão Transversal,Com Vítimas Feridas,Plena noite,Ceu Claro,Simples,Urbano,Automóvel,Ileso,47.0,M
83482491,17/07/16,RN,405,MOSSORO,Ingestão de álcool,Colisão Transversal,Com Vítimas Feridas,Plena noite,Ceu Claro,Simples,Urbano,Bicicleta,Ferido Grave,18.0,M
83482559,17/07/16,RN,304,MACAIBA,Outras,Colisão frontal,Com Vítimas Fatais,Plena noite,Ceu Claro,Simples,Rural,Motocicletas,Morto,22.0,M
83482559,17/07/16,RN,304,MACAIBA,Outras,Colisão frontal,Com Vítimas Fatais,Plena noite,Ceu Claro,Simples,Rural,Automóvel,Ileso,45.0,M
83482522,17/07/16,RN,304,MACAIBA,Dormindo,Colisão traseira,Com Vítimas Feridas,Plena noite,Ceu Claro,Dupla,Rural,Motocicletas,Ferido Grave,36.0,M
83482522,17/07/16,RN,304,MACAIBA,Dormindo,Colisão traseira,Com Vítimas Feridas,Plena noite,Ceu Claro,Dupla,Rural,Motocicletas,Ferido Grave,31.0,F
83482522,17/07/16,RN,304,MACAIBA,Dormindo,Colisão traseira,Com Vítimas Feridas,Plena noite,Ceu Claro,Dupla,Rural,Automóvel,Ferido Grave,20.0,M
83482558,18/07/16,RN,304,LAJES,Animais na Pista,Atropelamento de animal,Com Vítimas Feridas,Plena noite,Ceu Claro,Simples,Rural,Automóvel,Ferido Leve,58.0,M
83500317,18/07/16,RN,304,ASSU,Animais na Pista,Saída de Pista,Sem Vítimas,Plena noite,Ceu Claro,Simples,Rural,Caminhão,Ileso,39.0,M
83482755,18/07/16,RN,406,CEARA-MIRIM,Animais na Pista,Atropelamento de animal,Sem Vítimas,Plena noite,Ceu Claro,Simples,Rural,Automóvel,Ileso,42.0,M