id,data_inversa,uf,br,municipio,causa_acidente,tipo_acidente,classificacao_acidente,fase_dia,condicao_metereologica,tipo_pista,uso_solo,tipo_veiculo,estado_fisico,idade,sexo
83486446,01/08/16,RN,101,NATAL,Outras,Colisão lateral,Sem Vítimas,Pleno dia,Ceu Claro,Dupla,Urbano,Motocicletas,Ignorado,,M
83486446,01/08/16,RN,101,NATAL,Outras,Colisão lateral,Sem Vítimas,Pleno dia,Ceu Claro,Dupla,Urbano,Automóvel,Ileso,31.0,M
83486597,01/08/16,RN,101,PARNAMIRIM,Desobediência à sinalização,Colisão lateral,Com Vítimas Feridas,Pleno dia,Ceu Claro,Dupla,Urbano,Motocicletas,Ferido Leve,24.0,M
83486597,01/08/16,RN,101,PARNAMIRIM,Desobediência à sinalização,Colisão lateral,Com Vítimas Feridas,Pleno dia,Ceu Claro,Dupla,Urbano,Caminhão,Ileso,24.0,M
83486572,01/08/16,RN,110,MOSSORO,Falta de atenção,Colisão frontal,Com Vítimas Feridas,Plena noite,Ceu Claro,Dupla,Urbano,Camioneta,Ileso,25.0,M
83486572,01/08/16,RN,110,MOSSORO,Falta de atenção,Colisão frontal,Com Vítimas Feridas,Plena noite,Ceu Claro,Dupla,Urbano,Motocicletas,Ferido Leve,22.0,M
83486670,02/08/16,RN,304,MACAIBA,Outras,Colisão frontal,Com Vítimas Fatais,Pleno dia,Ceu Claro,Simples,Rural,Microônibus,Ileso,67.0,M
83486670,02/08/16,RN,304,MACAIBA,Outras,Colisão frontal,Com Vítimas Fatais,Pleno dia,Ceu Claro,Simples,Rural,Automóvel,Morto,61.0,M
83486630,02/08/16,RN,304,MOSSORO,Não guardar distância de segurança,Colisão traseira,Com Vítimas Feridas,Pleno dia,Sol,Dupla,Urbano,Motocicletas,Ferido Leve,25.0,F
83486630,02/08/16,RN,304,MOSSORO,Não guardar distância de segurança,Colisão traseira,Com Vítimas Feridas,Pleno dia,Sol,Dupla,Urbano,Motocicletas,Ferido Leve,20.0,F
83486630,02/08/16,RN,304,MOSSORO,Não guardar distância de segurança,Colisão traseira,Com Vítimas Feridas,Pleno dia,Sol,Dupla,Urbano,Automóvel,Ileso,55.0,M
83486639,02/08/16,RN,101,SAO JOSE DE MIPIBU,Outras,Atropelamento de pessoa,Com Vítimas Feridas,Pleno dia,Ceu Claro,Dupla,Rural,,Ferido Grave,28.0,M
83486639,02/08/16,RN,101,SAO JOSE DE MIPIBU,Outras,Atropelamento de pessoa,Com Vítimas Feridas,Pleno dia,Ceu Claro,Dupla,Rural,Caminhão-Trator,Ignorado,,I
83486789,02/08/16,RN,427,JARDIM DO SERIDO,Outras,Colisão traseira,Com Vítimas Feridas,Pleno dia,Sol,Simples,Rural,Motocicletas,Ferido Leve,29.0,M
83486789,02/08/16,RN,427,JARDIM DO SERIDO,Outras,Colisão traseira,Com Vítimas Feridas,Pleno dia,Sol,Simples,Rural,Automóvel,Ileso,37.0,M
83486789,02/08/16,RN,427,JARDIM DO SERIDO,Outras,Colisão traseira,Com Vítimas Feridas,Pleno dia,Sol,Simples,Rural,Automóvel,Ileso,35.0,F
83486806,02/08/16,RN,226,NATAL,Outras,Colisão Transversal,Com Vítimas Feridas,Plena noite,Ceu Claro,Dupla,Urbano,Bicicleta,Ferido Leve,34.0,M
83486806,02/08/16,RN,226,NATAL,Outras,Colisão Transversal,Com Vítimas Feridas,Plena noite,Ceu Claro,Dupla,Urbano,Automóvel,Ileso,50.0,M
83486890,03/08/16,RN,226,NATAL,Animais na Pista,Atropelamento de animal,Com Vítimas Feridas,Amanhecer,Ceu Claro,Simples,Urbano,Motocicletas,Ferido Leve,40.0,M
83488235,03/08/16,RN,101,NATAL,Não guardar distância de segurança,Colisão traseira,Com Vítimas Feridas,Plena noite,Ceu Claro,Dupla,Rural,Caminhonete,Ileso,47.0,M
83488235,03/08/16,RN,101,NATAL,Não guardar distância de segurança,Colisão traseira,Com Vítimas Feridas,Plena noite,Ceu Claro,Dupla,Rural,Motocicletas,Ferido Leve,38.0,M
83487063,03/08/16,RN,110,MOSSORO,Animais na Pista,Atropelamento de animal,Com Vítimas Feridas,Anoitecer,Ceu Claro,Simples,Rural,Caminhão-Trator,Ferido Leve,31.0,M
83487136,03/08/16,RN,405,MOSSORO,Animais na Pista,Atropelamento de animal,Com Vítimas Fatais,Plena noite,Ignorada,Simples,Rural,Motoneta,Morto,27.0,M
83487136,03/08/16,RN,405,MOSSORO,Animais na Pista,Atropelamento de animal,Com Vítimas Fatais,Plena noite,Ignorada,Simples,Rural,Automóvel,Ileso,44.0,M
83487961,03/08/16,RN,101,PARNAMIRIM,Velocidade incompatível,Colisão traseira,Com Vítimas Fatais,Plena noite,Ignorada,Dupla,Urbano,Motocicletas,Morto,21.0,M
83487961,03/08/16,RN,101,PARNAMIRIM,Velocidade incompatível,Colisão traseira,Com Vítimas Fatais,Plena noite,Ignorada,Dupla,Urbano,Caminhão,Ignorado,,I
83487364,04/08/16,RN,110,MOSSORO,Falta de atenção,Colisão Transversal,Com Vítimas Feridas,Pleno dia,Ceu Claro,Dupla,Urbano,Caminhão-Trator,Ileso,48.0,M
83487364,04/08/16,RN,110,MOSSORO,Falta de atenção,Colisão Transversal,Com Vítimas Feridas,Pleno dia,Ceu Claro,Dupla,Urbano,Motoneta,Ferido Leve,34.0,F
83487395,04/08/16,RN,101,NATAL,Outras,Colisão lateral,Com Vítimas Feridas,Plena noite,Ceu Claro,Múltipla,Urbano,Automóvel,Ignorado,,I
83487395,04/08/16,RN,101,NATAL,Outras,Colisão lateral,Com Vítimas Feridas,Plena noite,Ceu Claro,Múltipla,Urbano,Motocicletas,Ferido Leve,32.0,M
83487371,05/08/16,RN,226,NATAL,Animais na Pista,Atropelamento de animal,Sem Vítimas,Amanhecer,Ceu Claro,Simples,Urbano,Automóvel,Ileso,27.0,M
83487411,05/08/16,RN,304,MOSSORO,Não guardar distância de segurança,Colisão traseira,Com Vítimas Feridas,Pleno dia,Sol,Dupla,Urbano,Motocicletas,Ferido Grave,45.0,M
83487411,05/08/16,RN,304,MOSSORO,Não guardar distância de segurança,Colisão traseira,Com Vítimas Feridas,Pleno dia,Sol,Dupla,Urbano,Caminhão,Ileso,74.0,M
83487411,05/08/16,RN,304,MOSSORO,Não guardar distância de segurança,Colisão traseira,Com Vítimas Feridas,Pleno dia,Sol,Dupla,Urbano,Automóvel,Ignorado,,I
83487431,05/08/16,RN,101,NATAL,Falta de atenção,Colisão lateral,Com Vítimas Feridas,Pleno dia,Ceu Claro,Dupla,Urbano,Motocicletas,Ferido Leve,36.0,M
83487431,05/08/16,RN,101,NATAL,Falta de atenção,Colisão lateral,Com Vítimas Feridas,Pleno dia,Ceu Claro,Dupla,Urbano,Automóvel,Ileso,36.0,F
83487464,05/08/16,RN,101,PARNAMIRIM,Falta de atenção,Colisão lateral,Com Vítimas Feridas,Pleno dia,Sol,Dupla,Urbano,Automóvel,Ileso,56.0,M
83487464,05/08/16,RN,101,PARNAMIRIM,Falta de atenção,Colisão lateral,Com Vítimas Feridas,Pleno dia,Sol,Dupla,Urbano,Motocicletas,Ferido Leve,29.0,M
83487443,05/08/16,RN,304,MOSSORO,Falta de atenção,Colisão traseira,Sem Vítimas,Pleno dia,Ceu Claro,Simples,Rural,Automóvel,Ileso,34.0,M
83487443,05/08/16,RN,304,MOSSORO,Falta de atenção,Colisão traseira,Sem Vítimas,Pleno dia,Ceu Claro,Simples,Rural,Automóvel,Ileso,34.0,M
83487554,05/08/16,RN,101,SAO GONCALO DO AMARANTE,Animais na Pista,Atropelamento de animal,Com Vítimas Feridas,Plena noite,Ceu Claro,Dupla,Urbano,Motocicletas,Ferido Grave,35.0,M
83488488,05/08/16,RN,101,NATAL,Falta de atenção,Colisão traseira,Com Vítimas Feridas,Plena noite,Nublado,Múltipla,Urbano,Automóvel,Ileso,74.0,F
83488488,05/08/16,RN,101,NATAL,Falta de atenção,Colisão traseira,Com Vítimas Feridas,Plena noite,Nublado,Múltipla,Urbano,Automóvel,Ileso,47.0,M
83488488,05/08/16,RN,101,NATAL,Falta de atenção,Colisão traseira,Com Vítimas Feridas,Plena noite,Nublado,Múltipla,Urbano,Automóvel,Ferido Leve,,M
83488488,05/08/16,RN,101,NATAL,Falta de atenção,Colisão traseira,Com Vítimas Feridas,Plena noite,Nublado,Múltipla,Urbano,Automóvel,Ferido Leve,79.0,M
83489536,06/08/16,RN,304,ASSU,Ultrapassagem indevida,Derramamento de Carga,Sem Vítimas,Plena noite,Ignorada,Simples,Rural,Caminhão-Trator,Ileso,70.0,M
83489536,06/08/16,RN,304,ASSU,Ultrapassagem indevida,Derramamento de Carga,Sem Vítimas,Plena noite,Ignorada,Simples,Rural,Caminhão-Trator,Ileso,41.0,M
83489536,06/08/16,RN,304,ASSU,Ultrapassagem indevida,Derramamento de Carga,Sem Vítimas,Plena noite,Ignorada,Simples,Rural,Caminhão,Ileso,,I
83489536,06/08/16,RN,304,ASSU,Ultrapassagem indevida,Derramamento de Carga,Sem Vítimas,Plena noite,Ignorada,Simples,Rural,Caminhão,Ileso,,I
83487772,06/08/16,RN,101,SAO GONCALO DO AMARANTE,Velocidade incompatível,Colisão traseira,Sem Vítimas,Pleno dia,Ceu Claro,Dupla,Urbano,Motocicletas,Ileso,21.0,M
83487772,06/08/16,RN,101,SAO GONCALO DO AMARANTE,Velocidade incompatível,Colisão traseira,Sem Vítimas,Pleno dia,Ceu Claro,Dupla,Urbano,Motocicletas,Ignorado,41.0,M
83487904,06/08/16,RN,304,SANTA MARIA,Outras,Saída de Pista,Com Vítimas Feridas,Pleno dia,Ceu Claro,Simples,Rural,Automóvel,Ferido Leve,27.0,M
83487904,06/08/16,RN,304,SANTA MARIA,Outras,Saída de Pista,Com Vítimas Feridas,Pleno dia,Ceu Claro,Simples,Rural,Automóvel,Ferido Leve,,M
83487855,06/08/16,RN,101,PARNAMIRIM,Ingestão de álcool,Colisão traseira,Com Vítimas Feridas,Plena noite,Ceu Claro,Dupla,Rural,Motocicletas,Ferido Grave,54.0,M
83487855,06/08/16,RN,101,PARNAMIRIM,Ingestão de álcool,Colisão traseira,Com Vítimas Feridas,Plena noite,Ceu Claro,Dupla,Rural,Automóvel,Ileso,38.0,M
83487847,06/08/16,RN,304,MOSSORO,Desobediência à sinalização,Colisão frontal,Com Vítimas Feridas,Plena noite,Ceu Claro,Simples,Urbano,Automóvel,Ferido Grave,48.0,M
83487847,06/08/16,RN,304,MOSSORO,Desobediência à sinalização,Colisão frontal,Com Vítimas Feridas,Plena noite,Ceu Claro,Simples,Urbano,Automóvel,Ferido Leve,24.0,F
83487847,06/08/16,RN,304,MOSSORO,Desobediência à sinalização,Colisão frontal,Com Vítimas Feridas,Plena noite,Ceu Claro,Simples,Urbano,Automóvel,Ferido Leve,31.0,M
83487847,06/08/16,RN,304,MOSSORO,Desobediência à sinalização,Colisão frontal,Com Vítimas Feridas,Plena noite,Ceu Claro,Simples,Urbano,Automóvel,Ferido Leve,7.0,F
83487838,06/08/16,RN,406,CEARA-MIRIM,Outras,Colisão traseira,Com Vítimas Feridas,Plena noite,Ceu Claro,Simples,Rural,Ciclomotor,Ferido Leve,26.0,M
83487838,06/08/16,RN,406,CEARA-MIRIM,Outras,Colisão traseira,Com Vítimas Feridas,Plena noite,Ceu Claro,Simples,Rural,Automóvel,Ileso,48.0,M
83487838,06/08/16,RN,406,CEARA-MIRIM,Outras,Colisão traseira,Com Vítimas Feridas,Plena noite,Ceu Claro,Simples,Rural,Ciclomotor,Ferido Leve,7.0,M
83487895,06/08/16,RN,101,SAO JOSE DE MIPIBU,Outras,Queda de motocicleta / bicicleta / veículo,Com Vítimas Feridas,Plena noite,Ceu Claro,Dupla,Urbano,Ciclomotor,Ferido Leve,,M
83487895,06/08/16,RN,101,SAO JOSE DE MIPIBU,Outras,Queda de motocicleta / bicicleta / veículo,Com Vítimas Feridas,Plena noite,Ceu Claro,Dupla,Urbano,Ciclomotor,Ferido Leve,,M
83487875,07/08/16,RN,304,MOSSORO,Ingestão de álcool,Colisão com objeto fixo,Sem Vítimas,Plena noite,Ceu Claro,Simples,Urbano,Automóvel,Ileso,59.0,M
83488856,07/08/16,RN,101,NATAL,Ingestão de álcool,Queda de motocicleta / bicicleta / veículo,Com Vítimas Feridas,Pleno dia,Ceu Claro,Múltipla,Urbano,Motocicletas,Ferido Leve,27.0,M
83488856,07/08/16,RN,101,NATAL,Ingestão de álcool,Queda de motocicleta / bicicleta / veículo,Com Vítimas Feridas,Pleno dia,Ceu Claro,Múltipla,Urbano,Motocicletas,Ferido Leve,17.0,F
83487950,07/08/16,RN,101,SAO JOSE DE MIPIBU,Dormindo,Colisão com objeto fixo,Com Vítimas Feridas,Pleno dia,Ceu Claro,Múltipla,Urbano,Automóvel,Ferido Leve,29.0,F
83488040,07/08/16,RN,101,PARNAMIRIM,Outras,Colisão traseira,Com Vítimas Feridas,Pleno dia,Ceu Claro,Dupla,Urbano,Motocicletas,Ferido Leve,42.0,M
83488040,07/08/16,RN,101,PARNAMIRIM,Outras,Colisão traseira,Com Vítimas Feridas,Pleno dia,Ceu Claro,Dupla,Urbano,Utilitário,Ileso,31.0,M
83488040,07/08/16,RN,101,PARNAMIRIM,Outras,Colisão traseira,Com Vítimas Feridas,Pleno dia,Ceu Claro,Dupla,Urbano,Motocicletas,Ferido Leve,39.0,F
83488040,07/08/16,RN,101,PARNAMIRIM,Outras,Colisão traseira,Com Vítimas Feridas,Pleno dia,Ceu Claro,Dupla,Urbano,Utilitário,Ileso,28.0,F
83488094,07/08/16,RN,101,SAO JOSE DE MIPIBU,Falta de atenção,Atropelamento de pessoa,Com Vítimas Feridas,Plena noite,Ceu Claro,Dupla,Urbano,,Ferido Grave,34.0,M
83488094,07/08/16,RN,101,SAO JOSE DE MIPIBU,Falta de atenção,Atropelamento de pessoa,Com Vítimas Feridas,Plena noite,Ceu Claro,Dupla,Urbano,Automóvel,Ignorado,,I
83488102,07/08/16,RN,226,CURRAIS NOVOS,Ingestão de álcool,Colisão com objeto fixo,Com Vítimas Feridas,Plena noite,Ceu Claro,Simples,Urbano,Motocicletas,Ferido Leve,27.0,M
83491336,07/08/16,RN,101,NATAL,Animais na Pista,Atropelamento de animal,Com Vítimas Feridas,Plena noite,Ceu Claro,Dupla,Urbano,Motocicletas,Ferido Leve,27.0,M
83488109,07/08/16,RN,406,CEARA-MIRIM,Ingestão de álcool,Colisão frontal,Com Vítimas Feridas,Plena noite,Ceu Claro,Simples,Urbano,Motoneta,Ferido Leve,29.0,F
83488109,07/08/16,RN,406,CEARA-MIRIM,Ingestão de álcool,Colisão frontal,Com Vítimas Feridas,Plena noite,Ceu Claro,Simples,Urbano,Motoneta,Ferido Leve,,F
83488138,07/08/16,RN,110,MOSSORO,Outras,Colisão lateral,Com Vítimas Feridas,Plena noite,Ceu Claro,Simples,Urbano,Automóvel,Ileso,42.0,M
83488138,07/08/16,RN,110,MOSSORO,Outras,Colisão lateral,Com Vítimas Feridas,Plena noite,Ceu Claro,Simples,Urbano,Automóvel,Ferido Leve,41.0,F
83488138,07/08/16,RN,110,MOSSORO,Outras,Colisão lateral,Com Vítimas Feridas,Plena noite,Ceu Claro,Simples,Urbano,Automóvel,Ileso,42.0,M
83488151,07/08/16,RN,101,PARNAMIRIM,Outras,Queda de motocicleta / bicicleta / veículo,Com Vítimas Feridas,Plena noite,Nublado,Dupla,Urbano,Ciclomotor,Ferido Leve,24.0,M
83488151,07/08/16,RN,101,PARNAMIRIM,Outras,Queda de motocicleta / bicicleta / veículo,Com Vítimas Feridas,Plena noite,Nublado,Dupla,Urbano,Ciclomotor,Ferido Leve,23.0,F
83488925,08/08/16,RN,226,CAMPO GRANDE,Outras,Saída de Pista,Com Vítimas Fatais,Plena noite,Ceu Claro,Simples,Rural,Motocicletas,Morto,20.0,M
83488510,08/08/16,RN,226,CAMPO GRANDE,Outras,Colisão Transversal,Com Vítimas Fatais,Plena noite,Ignorada,Simples,Urbano,Motocicletas,Morto,30.0,M
83488510,08/08/16,RN,226,CAMPO GRANDE,Outras,Colisão Transversal,Com Vítimas Fatais,Plena noite,Ignorada,Simples,Urbano,Motocicletas,Ferido Leve,,M
83488510,08/08/16,RN,226,CAMPO GRANDE,Outras,Colisão Transversal,Com Vítimas Fatais,Plena noite,Ignorada,Simples,Urbano,Motocicletas,Ferido Grave,17.0,M
83488347,08/08/16,RN,101,NATAL,Não guardar distância de segurança,Colisão lateral,Sem Vítimas,Pleno dia,Sol,Dupla,Urbano,Automóvel,Ileso,50.0,F
83488347,08/08/16,RN,101,NATAL,Não guardar distância de segurança,Colisão lateral,Sem Vítimas,Pleno dia,Sol,Dupla,Urbano,Caminhão,Ileso,35.0,M
83489839,08/08/16,RN,110,MOSSORO,Falta de atenção,Colisão lateral,Com Vítimas Feridas,Anoitecer,Ceu Claro,Dupla,Urbano,Caminhão,Ileso,45.0,M
83489839,08/08/16,RN,110,MOSSORO,Falta de atenção,Colisão lateral,Com Vítimas Feridas,Anoitecer,Ceu Claro,Dupla,Urbano,Caminhão,Ileso,42.0,M
83489839,08/08/16,RN,110,MOSSORO,Falta de atenção,Colisão lateral,Com Vítimas Feridas,Anoitecer,Ceu Claro,Dupla,Urbano,Caminhão,Ileso,42.0,M
83489839,08/08/16,RN,110,MOSSORO,Falta de atenção,Colisão lateral,Com Vítimas Feridas,Anoitecer,Ceu Claro,Dupla,Urbano,Ciclomotor,Ferido Grave,38.0,F
83488437,08/08/16,RN,304,MOSSORO,Outras,Atropelamento de pessoa,Com Vítimas Fatais,Plena noite,Ceu Claro,Dupla,Urbano,Caminhão,Ileso,,I
83488437,08/08/16,RN,304,MOSSORO,Outras,Atropelamento de pessoa,Com Vítimas Fatais,Plena noite,Ceu Claro,Dupla,Urbano,,Morto,56.0,M
83489457,09/08/16,RN,101,GOIANINHA,Animais na Pista,Atropelamento de animal,Com Vítimas Feridas,Amanhecer,Ceu Claro,Múltipla,Urbano,Motocicletas,Ferido Grave,,M
83493770,09/08/16,RN,101,NATAL,Falta de atenção,Colisão lateral,Com Vítimas Feridas,Pleno dia,Ceu Claro,Dupla,Urbano,Automóvel,Ileso,62.0,M
83493770,09/08/16,RN,101,NATAL,Falta de atenção,Colisão lateral,Com Vítimas Feridas,Pleno dia,Ceu Claro,Dupla,Urbano,Motocicletas,Ferido Leve,27.0,M
83488550,09/08/16,RN,101,SAO GONCALO DO AMARANTE,Outras,Colisão traseira,Com Vítimas Feridas,Pleno dia,Ceu Claro,Dupla,Urbano,Ônibus,Ileso,24.0,M
83488550,09/08/16,RN,101,SAO GONCALO DO AMARANTE,Outras,Colisão traseira,Com Vítimas Feridas,Pleno dia,Ceu Claro,Dupla,Urbano,Motocicletas,Ferido Grave,19.0,M
83488555,09/08/16,RN,304,SAO PEDRO,Falta de atenção,Colisão lateral,Com Vítimas Feridas,Pleno dia,Ceu Claro,Simples,Rural,Automóvel,Ferido Leve,35.0,F
83488555,09/08/16,RN,304,SAO PEDRO,Falta de atenção,Colisão lateral,Com Vítimas Feridas,Pleno dia,Ceu Claro,Simples,Rural,Automóvel,Ileso,33.0,M
83488661,09/08/16,RN,304,MACAIBA,Falta de atenção,Colisão traseira,Com Vítimas Feridas,Pleno dia,Sol,Simples,Rural,Motocicletas,Ferido Leve,22.0,M
83488661,09/08/16,RN,304,MACAIBA,Falta de atenção,Colisão traseira,Com Vítimas Feridas,Pleno dia,Sol,Simples,Rural,Automóvel,Ileso,,M
83488621,09/08/16,RN,110,MOSSORO,Falta de atenção,Colisão traseira,Sem Vítimas,Pleno dia,Sol,Simples,Urbano,Automóvel,Ignorado,,I
83488621,09/08/16,RN,110,MOSSORO,Falta de atenção,Colisão traseira,Sem Vítimas,Pleno dia,Sol,Simples,Urbano,Caminhão,Ileso,31.0,M
83488621,09/08/16,RN,110,MOSSORO,Falta de atenção,Colisão traseira,Sem Vítimas,Pleno dia,Sol,Simples,Urbano,Caminhão,Ileso,19.0,M
83488621,09/08/16,RN,110,MOSSORO,Falta de atenção,Colisão traseira,Sem Vítimas,Pleno dia,Sol,Simples,Urbano,Automóvel,Ileso,40.0,M
83488621,09/08/16,RN,110,MOSSORO,Falta de atenção,Colisão traseira,Sem Vítimas,Pleno dia,Sol,Simples,Urbano,Caminhonete,Ileso,58.0,M
83488621,09/08/16,RN,110,MOSSORO,Falta de atenção,Colisão traseira,Sem Vítimas,Pleno dia,Sol,Simples,Urbano,Caminhonete,Ileso,28.0,M
83488621,09/08/16,RN,110,MOSSORO,Falta de atenção,Colisão traseira,Sem Vítimas,Pleno dia,Sol,Simples,Urbano,Automóvel,Ileso,32.0,F
83488677,09/08/16,RN,101,PARNAMIRIM,Falta de atenção,Colisão lateral,Com Vítimas Feridas,Plena noite,Ceu Claro,Dupla,Urbano,Motocicletas,Ferido Leve,46.0,M
83488677,09/08/16,RN,101,PARNAMIRIM,Falta de atenção,Colisão lateral,Com Vítimas Feridas,Plena noite,Ceu Claro,Dupla,Urbano,Motocicletas,Ferido Leve,54.0,F
83488677,09/08/16,RN,101,PARNAMIRIM,Falta de atenção,Colisão lateral,Com Vítimas Feridas,Plena noite,Ceu Claro,Dupla,Urbano,Ônibus,Ileso,47.0,M
83489088,09/08/16,RN,110,AREIA BRANCA,Animais na Pista,Atropelamento de animal,Sem Vítimas,Plena noite,Ignorada,Simples,Rural,Automóvel,Ileso,35.0,M
83489088,09/08/16,RN,110,AREIA BRANCA,Animais na Pista,Atropelamento de animal,Sem Vítimas,Plena noite,Ignorada,Simples,Rural,Automóvel,Ileso,44.0,M
83488973,10/08/16,RN,101,SAO JOSE DE MIPIBU,Outras,Colisão com objeto fixo,Com Vítimas Fatais,Plena noite,Ceu Claro,Dupla,Rural,Caminhonete,Ferido Grave,34.0,M
83488973,10/08/16,RN,101,SAO JOSE DE MIPIBU,Outras,Colisão com objeto fixo,Com Vítimas Fatais,Plena noite,Ceu Claro,Dupla,Rural,Caminhonete,Morto,33.0,M
83488973,10/08/16,RN,101,SAO JOSE DE MIPIBU,Outras,Colisão com objeto fixo,Com Vítimas Fatais,Plena noite,Ceu Claro,Dupla,Rural,Caminhonete,Ferido Grave,41.0,M
83490993,11/08/16,RN,101,SAO GONCALO DO AMARANTE,Falta de atenção,Atropelamento de pessoa,Com Vítimas Feridas,Pleno dia,Sol,Dupla,Urbano,Motocicletas,Ferido Leve,24.0,M
83490993,11/08/16,RN,101,SAO GONCALO DO AMARANTE,Falta de atenção,Atropelamento de pessoa,Com Vítimas Feridas,Pleno dia,Sol,Dupla,Urbano,,Ferido Leve,57.0,F
83490993,11/08/16,RN,101,SAO GONCALO DO AMARANTE,Falta de atenção,Atropelamento de pessoa,Com Vítimas Feridas,Pleno dia,Sol,Dupla,Urbano,,Ferido Leve,10.0,M
83489055,11/08/16,RN,101,NATAL,Falta de atenção,Colisão lateral,Sem Vítimas,Pleno dia,Ceu Claro,Dupla,Urbano,Automóvel,Ileso,33.0,M
83489055,11/08/16,RN,101,NATAL,Falta de atenção,Colisão lateral,Sem Vítimas,Pleno dia,Ceu Claro,Dupla,Urbano,Motocicletas,Ileso,27.0,M
83489055,11/08/16,RN,101,NATAL,Falta de atenção,Colisão lateral,Sem Vítimas,Pleno dia,Ceu Claro,Dupla,Urbano,Motocicletas,Ileso,38.0,M
83489315,12/08/16,RN,101,PARNAMIRIM,Falta de atenção,Colisão traseira,Com Vítimas Feridas,Pleno dia,Ceu Claro,Dupla,Rural,Motocicletas,Ferido Leve,37.0,M
83489315,12/08/16,RN,101,PARNAMIRIM,Falta de atenção,Colisão traseira,Com Vítimas Feridas,Pleno dia,Ceu Claro,Dupla,Rural,Automóvel,Ileso,32.0,F
83489375,12/08/16,RN,101,PARNAMIRIM,Falta de atenção,Colisão traseira,Sem Vítimas,Pleno dia,Ceu Claro,Múltipla,Urbano,Camioneta,Ileso,25.0,M
83489375,12/08/16,RN,101,PARNAMIRIM,Falta de atenção,Colisão traseira,Sem Vítimas,Pleno dia,Ceu Claro,Múltipla,Urbano,Automóvel,Ileso,27.0,M
83489375,12/08/16,RN,101,PARNAMIRIM,Falta de atenção,Colisão traseira,Sem Vítimas,Pleno dia,Ceu Claro,Múltipla,Urbano,Automóvel,Ileso,29.0,F
83489896,12/08/16,RN,405,RAFAEL FERNANDES,Outras,Atropelamento de pessoa,Com Vítimas Feridas,Plena noite,Ceu Claro,Simples,Rural,,Ferido Grave,33.0,M
83489896,12/08/16,RN,405,RAFAEL FERNANDES,Outras,Atropelamento de pessoa,Com Vítimas Feridas,Plena noite,Ceu Claro,Simples,Rural,Motocicletas,Ferido Grave,18.0,F
83489896,12/08/16,RN,405,RAFAEL FERNANDES,Outras,Atropelamento de pessoa,Com Vítimas Feridas,Plena noite,Ceu Claro,Simples,Rural,Motocicletas,Ferido Leve,26.0,M
83489501,13/08/16,RN,101,NATAL,Desobediência à sinalização,Colisão Transversal,Com Vítimas Feridas,Plena noite,Vento,Múltipla,Urbano,Automóvel,Ileso,35.0,M
83489501,13/08/16,RN,101,NATAL,Desobediência à sinalização,Colisão Transversal,Com Vítimas Feridas,Plena noite,Vento,Múltipla,Urbano,Automóvel,Ignorado,23.0,M
83489501,13/08/16,RN,101,NATAL,Desobediência à sinalização,Colisão Transversal,Com Vítimas Feridas,Plena noite,Vento,Múltipla,Urbano,Automóvel,Ferido Leve,19.0,M
83489501,13/08/16,RN,101,NATAL,Desobediência à sinalização,Colisão Transversal,Com Vítimas Feridas,Plena noite,Vento,Múltipla,Urbano,Automóvel,Ferido Leve,50.0,F
83489501,13/08/16,RN,101,NATAL,Desobediência à sinalização,Colisão Transversal,Com Vítimas Feridas,Plena noite,Vento,Múltipla,Urbano,Automóvel,Ferido Leve,50.0,F
83489501,13/08/16,RN,101,NATAL,Desobediência à sinalização,Colisão Transversal,Com Vítimas Feridas,Plena noite,Vento,Múltipla,Urbano,Automóvel,Ignorado,,M
83489501,13/08/16,RN,101,NATAL,Desobediência à sinalização,Colisão Transversal,Com Vítimas Feridas,Plena noite,Vento,Múltipla,Urbano,Automóvel,Ignorado,,F
83489703,13/08/16,RN,304,MACAIBA,Falta de atenção,Colisão traseira,Com Vítimas Feridas,Pleno dia,Ceu Claro,Simples,Rural,Automóvel,Ileso,63.0,M
83489703,13/08/16,RN,304,MACAIBA,Falta de atenção,Colisão traseira,Com Vítimas Feridas,Pleno dia,Ceu Claro,Simples,Rural,Ciclomotor,Ferido Leve,44.0,M
83489642,13/08/16,RN,304,MOSSORO,Desobediência à sinalização,Colisão traseira,Com Vítimas Feridas,Pleno dia,Sol,Dupla,Urbano,Motocicletas,Ferido Leve,17.0,M
83489642,13/08/16,RN,304,MOSSORO,Desobediência à sinalização,Colisão traseira,Com Vítimas Feridas,Pleno dia,Sol,Dupla,Urbano,Automóvel,Ileso,29.0,M
83489671,13/08/16,RN,101,NATAL,Desobediência à sinalização,Colisão Transversal,Sem Vítimas,Anoitecer,Ceu Claro,Dupla,Urbano,Microônibus,Ileso,,M
83489671,13/08/16,RN,101,NATAL,Desobediência à sinalização,Colisão Transversal,Sem Vítimas,Anoitecer,Ceu Claro,Dupla,Urbano,Ciclomotor,Ileso,,M
83490217,13/08/16,RN,304,MOSSORO,Ingestão de álcool,Colisão Transversal,Com Vítimas Feridas,Anoitecer,Ceu Claro,Dupla,Urbano,Automóvel,Ileso,22.0,M