id,data_inversa,uf,br,municipio,causa_acidente,tipo_acidente,classificacao_acidente,fase_dia,condicao_metereologica,tipo_pista,uso_solo,tipo_veiculo,estado_fisico,idade,sexo
83490217,13/08/16,RN,304,MOSSORO,Ingestão de álcool,Colisão Transversal,Com Vítimas Feridas,Anoitecer,Ceu Claro,Dupla,Urbano,Ciclomotor,Ferido Leve,29.0,F
83490217,13/08/16,RN,304,MOSSORO,Ingestão de álcool,Colisão Transversal,Com Vítimas Feridas,Anoitecer,Ceu Claro,Dupla,Urbano,Ciclomotor,Ferido Grave,12.0,M
83492342,13/08/16,RN,406,CEARA-MIRIM,Outras,Colisão Transversal,Com Vítimas Feridas,Plena noite,Ceu Claro,Simples,Rural,Motocicletas,Ferido Grave,40.0,M
83492342,13/08/16,RN,406,CEARA-MIRIM,Outras,Colisão Transversal,Com Vítimas Feridas,Plena noite,Ceu Claro,Simples,Rural,Camioneta,Ignorado,,I
83489694,13/08/16,RN,405,MOSSORO,Falta de atenção,Colisão com bicicleta,Com Vítimas Feridas,Anoitecer,Ceu Claro,Dupla,Urbano,Motocicletas,Ferido Grave,32.0,M
83489694,13/08/16,RN,405,MOSSORO,Falta de atenção,Colisão com bicicleta,Com Vítimas Feridas,Anoitecer,Ceu Claro,Dupla,Urbano,Bicicleta,Ferido Leve,23.0,M
83492814,13/08/16,RN,101,NATAL,Outras,Atropelamento de pessoa,Com Vítimas Feridas,Plena noite,Ceu Claro,Dupla,Urbano,Automóvel,Ileso,20.0,F
83492814,13/08/16,RN,101,NATAL,Outras,Atropelamento de pessoa,Com Vítimas Feridas,Plena noite,Ceu Claro,Dupla,Urbano,,Ferido Grave,,M
83490669,13/08/16,RN,101,NATAL,Defeito mecânico em veículo,Colisão lateral,Com Vítimas Feridas,Plena noite,Ceu Claro,Dupla,Urbano,Motoneta,Ferido Leve,27.0,M
83490669,13/08/16,RN,101,NATAL,Defeito mecânico em veículo,Colisão lateral,Com Vítimas Feridas,Plena noite,Ceu Claro,Dupla,Urbano,Automóvel,Ileso,42.0,M
83490669,13/08/16,RN,101,NATAL,Defeito mecânico em veículo,Colisão lateral,Com Vítimas Feridas,Plena noite,Ceu Claro,Dupla,Urbano,Motoneta,Ferido Grave,37.0,F
83491797,14/08/16,RN,101,ARES,Outras,Capotamento,Com Vítimas Feridas,Plena noite,Ceu Claro,Dupla,Rural,Automóvel,Ileso,33.0,M
83491797,14/08/16,RN,101,ARES,Outras,Capotamento,Com Vítimas Feridas,Plena noite,Ceu Claro,Dupla,Rural,Automóvel,Ferido Leve,35.0,M
83491797,14/08/16,RN,101,ARES,Outras,Capotamento,Com Vítimas Feridas,Plena noite,Ceu Claro,Dupla,Rural,Automóvel,Ferido Leve,27.0,M
83489985,14/08/16,RN,226,NATAL,Falta de atenção,Colisão Transversal,Com Vítimas Feridas,Pleno dia,Ceu Claro,Dupla,Urbano,Motocicletas,Ferido Leve,24.0,M
83489985,14/08/16,RN,226,NATAL,Falta de atenção,Colisão Transversal,Com Vítimas Feridas,Pleno dia,Ceu Claro,Dupla,Urbano,Motocicletas,Ferido Leve,,F
83489985,14/08/16,RN,226,NATAL,Falta de atenção,Colisão Transversal,Com Vítimas Feridas,Pleno dia,Ceu Claro,Dupla,Urbano,Motocicletas,Ileso,,M
83489983,14/08/16,RN,226,TANGARA,Desobediência à sinalização,Colisão lateral,Com Vítimas Feridas,Pleno dia,Sol,Simples,Urbano,Motocicletas,Ferido Grave,18.0,F
83489983,14/08/16,RN,226,TANGARA,Desobediência à sinalização,Colisão lateral,Com Vítimas Feridas,Pleno dia,Sol,Simples,Urbano,Automóvel,Ileso,34.0,M
83489983,14/08/16,RN,226,TANGARA,Desobediência à sinalização,Colisão lateral,Com Vítimas Feridas,Pleno dia,Sol,Simples,Urbano,Motocicletas,Ferido Leve,,M
83491002,14/08/16,RN,101,EXTREMOZ,Outras,Colisão traseira,Com Vítimas Feridas,Plena noite,Ceu Claro,Simples,Urbano,Automóvel,Ileso,34.0,M
83491002,14/08/16,RN,101,EXTREMOZ,Outras,Colisão traseira,Com Vítimas Feridas,Plena noite,Ceu Claro,Simples,Urbano,Carroça,Ferido Grave,42.0,M
83490192,15/08/16,RN,101,SAO GONCALO DO AMARANTE,Falta de atenção,Colisão lateral,Com Vítimas Feridas,Pleno dia,Chuva,Dupla,Urbano,Automóvel,Ileso,27.0,M
83490192,15/08/16,RN,101,SAO GONCALO DO AMARANTE,Falta de atenção,Colisão lateral,Com Vítimas Feridas,Pleno dia,Chuva,Dupla,Urbano,Motocicletas,Ferido Leve,23.0,M
83490316,15/08/16,RN,406,CEARA-MIRIM,Falta de atenção,Colisão Transversal,Com Vítimas Feridas,Pleno dia,Sol,Simples,Urbano,Automóvel,Ferido Leve,90.0,M
83490316,15/08/16,RN,406,CEARA-MIRIM,Falta de atenção,Colisão Transversal,Com Vítimas Feridas,Pleno dia,Sol,Simples,Urbano,Caminhonete,Ferido Leve,24.0,F
83490344,15/08/16,RN,110,MOSSORO,Falta de atenção,Saída de Pista,Com Vítimas Feridas,Pleno dia,Ceu Claro,Simples,Urbano,Motocicletas,Ferido Leve,23.0,M
83490330,15/08/16,RN,304,MOSSORO,Falta de atenção,Colisão Transversal,Com Vítimas Feridas,Anoitecer,Ceu Claro,Dupla,Urbano,Camioneta,Ileso,22.0,M
83490330,15/08/16,RN,304,MOSSORO,Falta de atenção,Colisão Transversal,Com Vítimas Feridas,Anoitecer,Ceu Claro,Dupla,Urbano,Motocicletas,Ferido Leve,60.0,M
83490601,16/08/16,RN,304,CAICARA DO RIO DO VENTO,Falta de atenção,Colisão Transversal,Com Vítimas Feridas,Anoitecer,Ceu Claro,Simples,Rural,Caminhonete,Ileso,53.0,M
83490601,16/08/16,RN,304,CAICARA DO RIO DO VENTO,Falta de atenção,Colisão Transversal,Com Vítimas Feridas,Anoitecer,Ceu Claro,Simples,Rural,Caminhonete,Ferido Leve,55.0,M
83490601,16/08/16,RN,304,CAICARA DO RIO DO VENTO,Falta de atenção,Colisão Transversal,Com Vítimas Feridas,Anoitecer,Ceu Claro,Simples,Rural,Caminhonete,Ileso,67.0,M
83491246,16/08/16,RN,226,SERRA CAIADA,Animais na Pista,Atropelamento de animal,Sem Vítimas,Anoitecer,Ceu Claro,Simples,Rural,Caminhonete,Ileso,50.0,M
83491451,18/08/16,RN,101,ARES,Defeito na via,Capotamento,Sem Vítimas,Amanhecer,Nublado,Dupla,Rural,Caminhonete,Ileso,47.0,M
83491451,18/08/16,RN,101,ARES,Defeito na via,Capotamento,Sem Vítimas,Amanhecer,Nublado,Dupla,Rural,Caminhonete,Ileso,26.0,M
83490984,18/08/16,RN,101,NATAL,Não guardar distância de segurança,Queda de motocicleta / bicicleta / veículo,Com Vítimas Feridas,Pleno dia,Sol,Dupla,Urbano,Motocicletas,Ferido Leve,41.0,M
83490984,18/08/16,RN,101,NATAL,Não guardar distância de segurança,Queda de motocicleta / bicicleta / veículo,Com Vítimas Feridas,Pleno dia,Sol,Dupla,Urbano,Motocicletas,Ferido Leve,9.0,M
83491051,18/08/16,RN,101,PARNAMIRIM,Não guardar distância de segurança,Colisão lateral,Com Vítimas Feridas,Pleno dia,Ceu Claro,Simples,Urbano,Motocicletas,Ferido Leve,54.0,M
83491051,18/08/16,RN,101,PARNAMIRIM,Não guardar distância de segurança,Colisão lateral,Com Vítimas Feridas,Pleno dia,Ceu Claro,Simples,Urbano,Motocicletas,Ferido Leve,45.0,F
83491051,18/08/16,RN,101,PARNAMIRIM,Não guardar distância de segurança,Colisão lateral,Com Vítimas Feridas,Pleno dia,Ceu Claro,Simples,Urbano,Automóvel,Ignorado,,I
83491113,18/08/16,RN,110,MOSSORO,Falta de atenção,Colisão traseira,Sem Vítimas,Pleno dia,Sol,Simples,Urbano,Automóvel,Ileso,33.0,M
83491113,18/08/16,RN,110,MOSSORO,Falta de atenção,Colisão traseira,Sem Vítimas,Pleno dia,Sol,Simples,Urbano,Motocicletas,Ignorado,,M
83491645,18/08/16,RN,304,MOSSORO,Desobediência à sinalização,Colisão Transversal,Sem Vítimas,Plena noite,Ceu Claro,Dupla,Urbano,Caminhão-Trator,Ileso,46.0,M
83491645,18/08/16,RN,304,MOSSORO,Desobediência à sinalização,Colisão Transversal,Sem Vítimas,Plena noite,Ceu Claro,Dupla,Urbano,Automóvel,Ileso,43.0,M
83491512,19/08/16,RN,304,MOSSORO,Ingestão de álcool,Colisão traseira,Com Vítimas Feridas,Pleno dia,Sol,Dupla,Urbano,Motocicletas,Ferido Leve,20.0,M
83491512,19/08/16,RN,304,MOSSORO,Ingestão de álcool,Colisão traseira,Com Vítimas Feridas,Pleno dia,Sol,Dupla,Urbano,Motocicletas,Ferido Leve,53.0,M
83493604,19/08/16,RN,101,PARNAMIRIM,Outras,Atropelamento de pessoa,Com Vítimas Fatais,Plena noite,Ceu Claro,Múltipla,Urbano,Automóvel,Ileso,56.0,M
83493604,19/08/16,RN,101,PARNAMIRIM,Outras,Atropelamento de pessoa,Com Vítimas Fatais,Plena noite,Ceu Claro,Múltipla,Urbano,,Morto,22.0,M
83493563,19/08/16,RN,101,NATAL,Outras,Tombamento,Com Vítimas Feridas,Plena noite,Ceu Claro,Múltipla,Urbano,Motocicletas,Ferido Leve,41.0,M
83493563,19/08/16,RN,101,NATAL,Outras,Tombamento,Com Vítimas Feridas,Plena noite,Ceu Claro,Múltipla,Urbano,Motocicletas,Ferido Leve,37.0,F
83494168,20/08/16,RN,101,PARNAMIRIM,Outras,Colisão traseira,Com Vítimas Feridas,Plena noite,Chuva,Dupla,Rural,Caminhão,Ileso,,M
83494168,20/08/16,RN,101,PARNAMIRIM,Outras,Colisão traseira,Com Vítimas Feridas,Plena noite,Chuva,Dupla,Rural,Motocicletas,Ferido Grave,,M
83494168,20/08/16,RN,101,PARNAMIRIM,Outras,Colisão traseira,Com Vítimas Feridas,Plena noite,Chuva,Dupla,Rural,Motocicletas,Ferido Grave,21.0,M
83492758,20/08/16,RN,226,TANGARA,Outras,Colisão lateral,Com Vítimas Feridas,Pleno dia,Chuva,Simples,Rural,Utilitário,Ileso,31.0,M
83492758,20/08/16,RN,226,TANGARA,Outras,Colisão lateral,Com Vítimas Feridas,Pleno dia,Chuva,Simples,Rural,Automóvel,Ferido Leve,29.0,M
83492758,20/08/16,RN,226,TANGARA,Outras,Colisão lateral,Com Vítimas Feridas,Pleno dia,Chuva,Simples,Rural,Automóvel,Ferido Leve,22.0,F
83492758,20/08/16,RN,226,TANGARA,Outras,Colisão lateral,Com Vítimas Feridas,Pleno dia,Chuva,Simples,Rural,Automóvel,Ferido Leve,25.0,F
83492758,20/08/16,RN,226,TANGARA,Outras,Colisão lateral,Com Vítimas Feridas,Pleno dia,Chuva,Simples,Rural,Automóvel,Ferido Leve,40.0,F
83492758,20/08/16,RN,226,TANGARA,Outras,Colisão lateral,Com Vítimas Feridas,Pleno dia,Chuva,Simples,Rural,Automóvel,Ferido Leve,28.0,F
83491759,20/08/16,RN,101,NATAL,Defeito mecânico em veículo,Colisão lateral,Com Vítimas Feridas,Pleno dia,Ceu Claro,Dupla,Urbano,Automóvel,Ileso,30.0,M
83491759,20/08/16,RN,101,NATAL,Defeito mecânico em veículo,Colisão lateral,Com Vítimas Feridas,Pleno dia,Ceu Claro,Dupla,Urbano,Automóvel,Ferido Leve,29.0,M
83491759,20/08/16,RN,101,NATAL,Defeito mecânico em veículo,Colisão lateral,Com Vítimas Feridas,Pleno dia,Ceu Claro,Dupla,Urbano,Automóvel,Ignorado,,I
83492854,20/08/16,RN,304,MOSSORO,Falta de atenção,Colisão com bicicleta,Com Vítimas Feridas,Anoitecer,Ceu Claro,Simples,Urbano,Camioneta,Ignorado,,I
83492854,20/08/16,RN,304,MOSSORO,Falta de atenção,Colisão com bicicleta,Com Vítimas Feridas,Anoitecer,Ceu Claro,Simples,Urbano,Bicicleta,Ferido Grave,37.0,M
83492789,20/08/16,RN,406,GUAMARE,Falta de atenção,Colisão Transversal,Com Vítimas Feridas,Plena noite,Ceu Claro,Simples,Urbano,Motocicletas,Ferido Grave,,M
83492789,20/08/16,RN,406,GUAMARE,Falta de atenção,Colisão Transversal,Com Vítimas Feridas,Plena noite,Ceu Claro,Simples,Urbano,Caminhonete,Ileso,25.0,F
83492731,20/08/16,RN,101,CEARA-MIRIM,Outras,Colisão Transversal,Com Vítimas Feridas,Plena noite,Ceu Claro,Simples,Rural,Caminhonete,Ignorado,65.0,M
83492731,20/08/16,RN,101,CEARA-MIRIM,Outras,Colisão Transversal,Com Vítimas Feridas,Plena noite,Ceu Claro,Simples,Rural,Caminhonete,Ferido Leve,48.0,M
83492731,20/08/16,RN,101,CEARA-MIRIM,Outras,Colisão Transversal,Com Vítimas Feridas,Plena noite,Ceu Claro,Simples,Rural,Caminhonete,Ferido Leve,,F
83492731,20/08/16,RN,101,CEARA-MIRIM,Outras,Colisão Transversal,Com Vítimas Feridas,Plena noite,Ceu Claro,Simples,Rural,Caminhonete,Ferido Leve,12.0,F
83492731,20/08/16,RN,101,CEARA-MIRIM,Outras,Colisão Transversal,Com Vítimas Feridas,Plena noite,Ceu Claro,Simples,Rural,Caminhonete,Ferido Leve,5.0,F
83491822,20/08/16,RN,304,MACAIBA,Falta de atenção,Colisão Transversal,Com Vítimas Feridas,Plena noite,Ceu Claro,Simples,Rural,Automóvel,Ileso,23.0,M
83491822,20/08/16,RN,304,MACAIBA,Falta de atenção,Colisão Transversal,Com Vítimas Feridas,Plena noite,Ceu Claro,Simples,Rural,Automóvel,Ileso,34.0,F
83491822,20/08/16,RN,304,MACAIBA,Falta de atenção,Colisão Transversal,Com Vítimas Feridas,Plena noite,Ceu Claro,Simples,Rural,Automóvel,Ferido Leve,35.0,F
83491885,20/08/16,RN,304,MOSSORO,Falta de atenção,Atropelamento de pessoa,Com Vítimas Fatais,Plena noite,Ceu Claro,Dupla,Urbano,Automóvel,Ileso,20.0,M
83491885,20/08/16,RN,304,MOSSORO,Falta de atenção,Atropelamento de pessoa,Com Vítimas Fatais,Plena noite,Ceu Claro,Dupla,Urbano,,Morto,27.0,M
83491848,20/08/16,RN,304,MOSSORO,Outras,Colisão lateral,Com Vítimas Feridas,Plena noite,Nublado,Dupla,Urbano,Motocicletas,Ignorado,,M
83491848,20/08/16,RN,304,MOSSORO,Outras,Colisão lateral,Com Vítimas Feridas,Plena noite,Nublado,Dupla,Urbano,Ciclomotor,Ferido Leve,0.0,M
83491848,20/08/16,RN,304,MOSSORO,Outras,Colisão lateral,Com Vítimas Feridas,Plena noite,Nublado,Dupla,Urbano,Ciclomotor,Ferido Leve,18.0,M
83491848,20/08/16,RN,304,MOSSORO,Outras,Colisão lateral,Com Vítimas Feridas,Plena noite,Nublado,Dupla,Urbano,Ciclomotor,Ferido Leve,23.0,F
83491887,21/08/16,RN,101,NATAL,Outras,Colisão Transversal,Sem Vítimas,Plena noite,Ceu Claro,Dupla,Urbano,Automóvel,Ignorado,,I
83491887,21/08/16,RN,101,NATAL,Outras,Colisão Transversal,Sem Vítimas,Plena noite,Ceu Claro,Dupla,Urbano,Automóvel,Ileso,30.0,F
83494233,21/08/16,RN,304,MOSSORO,Ingestão de álcool,Colisão com objeto fixo,Com Vítimas Feridas,Plena noite,Ceu Claro,Dupla,Urbano,Motocicletas,Ferido Grave,23.0,M
83493155,21/08/16,RN,101,NATAL,Outras,Colisão Transversal,Sem Vítimas,Plena noite,Ceu Claro,Dupla,Urbano,Automóvel,Ignorado,,I
83493155,21/08/16,RN,101,NATAL,Outras,Colisão Transversal,Sem Vítimas,Plena noite,Ceu Claro,Dupla,Urbano,Automóvel,Ileso,31.0,M
83494171,22/08/16,RN,304,ASSU,Falta de atenção,Colisão Transversal,Com Vítimas Feridas,Pleno dia,Ceu Claro,Simples,Urbano,Motocicletas,Ferido Grave,54.0,M
83494171,22/08/16,RN,304,ASSU,Falta de atenção,Colisão Transversal,Com Vítimas Feridas,Pleno dia,Ceu Claro,Simples,Urbano,Automóvel,Ignorado,,I
83492319,22/08/16,RN,110,MOSSORO,Desobediência à sinalização,Colisão Transversal,Com Vítimas Feridas,Pleno dia,Ceu Claro,Dupla,Urbano,Automóvel,Ileso,50.0,M
83492319,22/08/16,RN,110,MOSSORO,Desobediência à sinalização,Colisão Transversal,Com Vítimas Feridas,Pleno dia,Ceu Claro,Dupla,Urbano,Motoneta,Ferido Leve,25.0,F
83492452,23/08/16,RN,304,MOSSORO,Outras,Derramamento de Carga,Sem Vítimas,Pleno dia,Ceu Claro,Simples,Urbano,Caminhão,Ileso,65.0,M
83492514,23/08/16,RN,406,SAO GONCALO DO AMARANTE,Outras,Colisão traseira,Sem Vítimas,Pleno dia,Ceu Claro,Dupla,Urbano,Automóvel,Ileso,47.0,M
83492514,23/08/16,RN,406,SAO GONCALO DO AMARANTE,Outras,Colisão traseira,Sem Vítimas,Pleno dia,Ceu Claro,Dupla,Urbano,Automóvel,Ileso,35.0,M
83492655,23/08/16,RN,101,PARNAMIRIM,Outras,Colisão lateral,Com Vítimas Feridas,Pleno dia,Ceu Claro,Dupla,Rural,Motocicletas,Ferido Grave,23.0,M
83492655,23/08/16,RN,101,PARNAMIRIM,Outras,Colisão lateral,Com Vítimas Feridas,Pleno dia,Ceu Claro,Dupla,Rural,Caminhão-Trator,Ileso,25.0,M
83492590,23/08/16,RN,226,FLORANIA,Falta de atenção,Colisão lateral,Com Vítimas Feridas,Pleno dia,Ceu Claro,Simples,Rural,Automóvel,Ileso,61.0,M
83492590,23/08/16,RN,226,FLORANIA,Falta de atenção,Colisão lateral,Com Vítimas Feridas,Pleno dia,Ceu Claro,Simples,Rural,Motocicletas,Ferido Grave,39.0,M
83492618,23/08/16,RN,101,NATAL,Não guardar distância de segurança,Colisão traseira,Sem Vítimas,Plena noite,Ceu Claro,Dupla,Urbano,Automóvel,Ileso,23.0,M
83492618,23/08/16,RN,101,NATAL,Não guardar distância de segurança,Colisão traseira,Sem Vítimas,Plena noite,Ceu Claro,Dupla,Urbano,Automóvel,Ileso,,M
83495532,23/08/16,RN,406,JOAO CAMARA,Desobediência à sinalização,Colisão Transversal,Com Vítimas Feridas,Plena noite,Ceu Claro,Simples,Urbano,Motocicletas,Ileso,18.0,M
83495532,23/08/16,RN,406,JOAO CAMARA,Desobediência à sinalização,Colisão Transversal,Com Vítimas Feridas,Plena noite,Ceu Claro,Simples,Urbano,Ciclomotor,Ferido Leve,33.0,F
83495532,23/08/16,RN,406,JOAO CAMARA,Desobediência à sinalização,Colisão Transversal,Com Vítimas Feridas,Plena noite,Ceu Claro,Simples,Urbano,Ciclomotor,Ferido Leve,35.0,F
83504380,24/08/16,RN,101,NATAL,Velocidade incompatível,Colisão traseira,Sem Vítimas,Pleno dia,Sol,Dupla,Urbano,Automóvel,Ileso,28.0,M
83504380,24/08/16,RN,101,NATAL,Velocidade incompatível,Colisão traseira,Sem Vítimas,Pleno dia,Sol,Dupla,Urbano,Automóvel,Ileso,37.0,M
83504380,24/08/16,RN,101,NATAL,Velocidade incompatível,Colisão traseira,Sem Vítimas,Pleno dia,Sol,Dupla,Urbano,Automóvel,Ileso,32.0,M
83504380,24/08/16,RN,101,NATAL,Velocidade incompatível,Colisão traseira,Sem Vítimas,Pleno dia,Sol,Dupla,Urbano,Automóvel,Ileso,42.0,M
83504380,24/08/16,RN,101,NATAL,Velocidade incompatível,Colisão traseira,Sem Vítimas,Pleno dia,Sol,Dupla,Urbano,Automóvel,Ileso,25.0,M
83504380,24/08/16,RN,101,NATAL,Velocidade incompatível,Colisão traseira,Sem Vítimas,Pleno dia,Sol,Dupla,Urbano,Automóvel,Ileso,31.0,F
83504380,24/08/16,RN,101,NATAL,Velocidade incompatível,Colisão traseira,Sem Vítimas,Pleno dia,Sol,Dupla,Urbano,Automóvel,Ileso,23.0,F
83493863,24/08/16,RN,427,CAICO,Falta de atenção,Colisão Transversal,Sem Vítimas,Pleno dia,Ceu Claro,Simples,Urbano,Motocicletas,Ileso,42.0,M
83493863,24/08/16,RN,427,CAICO,Falta de atenção,Colisão Transversal,Sem Vítimas,Pleno dia,Ceu Claro,Simples,Urbano,Automóvel,Ileso,51.0,M
83492869,24/08/16,RN,405,MOSSORO,Outras,Saída de Pista,Com Vítimas Feridas,Pleno dia,Sol,Simples,Rural,Automóvel,Ferido Leve,24.0,M
83493279,25/08/16,RN,304,PARNAMIRIM,Defeito mecânico em veículo,Saída de Pista,Sem Vítimas,Amanhecer,Ceu Claro,Dupla,Urbano,Automóvel,Ileso,23.0,F
83493279,25/08/16,RN,304,PARNAMIRIM,Defeito mecânico em veículo,Saída de Pista,Sem Vítimas,Amanhecer,Ceu Claro,Dupla,Urbano,Automóvel,Ileso,,F
83493006,25/08/16,RN,304,RIACHUELO,Ultrapassagem indevida,Saída de Pista,Com Vítimas Feridas,Pleno dia,Ceu Claro,Simples,Rural,Automóvel,Ferido Leve,63.0,M
83493006,25/08/16,RN,304,RIACHUELO,Ultrapassagem indevida,Saída de Pista,Com Vítimas Feridas,Pleno dia,Ceu Claro,Simples,Rural,Caminhão,Ileso,31.0,M
83493088,25/08/16,RN,226,PATU,Outras,Atropelamento de pessoa,Com Vítimas Feridas,Pleno dia,Sol,Simples,Rural,Motocicletas,Ferido Leve,15.0,M
83493088,25/08/16,RN,226,PATU,Outras,Atropelamento de pessoa,Com Vítimas Feridas,Pleno dia,Sol,Simples,Rural,Motocicletas,Ferido Leve,83.0,M
83493088,25/08/16,RN,226,PATU,Outras,Atropelamento de pessoa,Com Vítimas Feridas,Pleno dia,Sol,Simples,Rural,,Ferido Leve,63.0,M
83493070,25/08/16,RN,101,NATAL,Falta de atenção,Colisão traseira,Com Vítimas Feridas,Pleno dia,Ceu Claro,Múltipla,Urbano,Ciclomotor,Ferido Grave,33.0,F
83493070,25/08/16,RN,101,NATAL,Falta de atenção,Colisão traseira,Com Vítimas Feridas,Pleno dia,Ceu Claro,Múltipla,Urbano,Ônibus,Ileso,40.0,M
83497388,25/08/16,RN,101,NATAL,Outras,Colisão com objeto fixo,Com Vítimas Feridas,Plena noite,Ceu Claro,Simples,Urbano,Motocicletas,Ferido Grave,,M
83494237,25/08/16,RN,304,MOSSORO,Ingestão de álcool,Colisão lateral,Com Vítimas Feridas,Plena noite,Ceu Claro,Dupla,Urbano,Ônibus,Ileso,60.0,M
83494237,25/08/16,RN,304,MOSSORO,Ingestão de álcool,Colisão lateral,Com Vítimas Feridas,Plena noite,Ceu Claro,Dupla,Urbano,Motocicletas,Ferido Leve,39.0,F
83494237,25/08/16,RN,304,MOSSORO,Ingestão de álcool,Colisão lateral,Com Vítimas Feridas,Plena noite,Ceu Claro,Dupla,Urbano,Motocicletas,Ferido Leve,33.0,F
83493203,26/08/16,RN,101,PARNAMIRIM,Desobediência à sinalização,Colisão frontal,Com Vítimas Feridas,Plena noite,Ceu Claro,Dupla,Urbano,Utilitário,Ignorado,,M
83493203,26/08/16,RN,101,PARNAMIRIM,Desobediência à sinalização,Colisão frontal,Com Vítimas Feridas,Plena noite,Ceu Claro,Dupla,Urbano,Motocicletas,Ferido Grave,41.0,M
83493325,26/08/16,RN,226,NATAL,Falta de atenção,Colisão Transversal,Com Vítimas Feridas,Pleno dia,Ceu Claro,Simples,Urbano,Automóvel,Ileso,67.0,M
83493325,26/08/16,RN,226,NATAL,Falta de atenção,Colisão Transversal,Com Vítimas Feridas,Pleno dia,Ceu Claro,Simples,Urbano,Motocicletas,Ferido Leve,31.0,M
83493325,26/08/16,RN,226,NATAL,Falta de atenção,Colisão Transversal,Com Vítimas Feridas,Pleno dia,Ceu Claro,Simples,Urbano,Motocicletas,Ferido Grave,28.0,M
83493399,26/08/16,RN,226,MACAIBA,Outras,Atropelamento de pessoa,Com Vítimas Fatais,Pleno dia,Sol,Simples,Urbano,Caminhão,Ileso,23.0,M
83493399,26/08/16,RN,226,MACAIBA,Outras,Atropelamento de pessoa,Com Vítimas Fatais,Pleno dia,Sol,Simples,Urbano,,Morto,,M
83496742,26/08/16,RN,110,MOSSORO,Falta de atenção,Colisão Transversal,Com Vítimas Feridas,Pleno dia,Ceu Claro,Simples,Urbano,Motocicletas,Ferido Leve,22.0,F
83496742,26/08/16,RN,110,MOSSORO,Falta de atenção,Colisão Transversal,Com Vítimas Feridas,Pleno dia,Ceu Claro,Simples,Urbano,Automóvel,Ileso,32.0,M
83493434,26/08/16,RN,304,MOSSORO,Outras,Atropelamento de pessoa,Com Vítimas Feridas,Plena noite,Ceu Claro,Dupla,Rural,,Ferido Grave,,M
83493434,26/08/16,RN,304,MOSSORO,Outras,Atropelamento de pessoa,Com Vítimas Feridas,Plena noite,Ceu Claro,Dupla,Rural,Motocicletas,Ferido Leve,41.0,M
83497579,26/08/16,RN,101,EXTREMOZ,Falta de atenção,Colisão traseira,Com Vítimas Feridas,Plena noite,Ceu Claro,Dupla,Urbano,Motocicletas,Ferido Grave,25.0,M
83497579,26/08/16,RN,101,EXTREMOZ,Falta de atenção,Colisão traseira,Com Vítimas Feridas,Plena noite,Ceu Claro,Dupla,Urbano,Automóvel,Ileso,48.0,M
83493478,27/08/16,RN,101,NATAL,Outras,Capotamento,Com Vítimas Feridas,Plena noite,Ceu Claro,Dupla,Urbano,Automóvel,Ferido Grave,38.0,M
83493622,27/08/16,RN,101,PARNAMIRIM,Não guardar distância de segurança,Colisão lateral,Com Vítimas Feridas,Pleno dia,Sol,Múltipla,Urbano,Motocicletas,Ferido Leve,21.0,M
83493622,27/08/16,RN,101,PARNAMIRIM,Não guardar distância de segurança,Colisão lateral,Com Vítimas Feridas,Pleno dia,Sol,Múltipla,Urbano,Motocicletas,Ignorado,,I
83493603,27/08/16,RN,101,NATAL,Falta de atenção,Colisão Transversal,Sem Vítimas,Pleno dia,Ceu Claro,Dupla,Urbano,Motocicletas,Ileso,47.0,M
83493603,27/08/16,RN,101,NATAL,Falta de atenção,Colisão Transversal,Sem Vítimas,Pleno dia,Ceu Claro,Dupla,Urbano,Automóvel,Ileso,51.0,M
83495543,27/08/16,RN,406,SAO GONCALO DO AMARANTE,Falta de atenção,Colisão com objeto fixo,Com Vítimas Feridas,Pleno dia,Sol,Dupla,Urbano,Motoneta,Ferido Grave,29.0,F
83493649,27/08/16,RN,405,MOSSORO,Falta de atenção,Colisão Transversal,Com Vítimas Feridas,Pleno dia,Sol,Simples,Urbano,Motoneta,Ferido Leve,32.0,F
83493649,27/08/16,RN,405,MOSSORO,Falta de atenção,Colisão Transversal,Com Vítimas Feridas,Pleno dia,Sol,Simples,Urbano,Bicicleta,Ferido Grave,41.0,M
83493610,27/08/16,RN,101,SAO GONCALO DO AMARANTE,Desobediência à sinalização,Atropelamento de pessoa,Com Vítimas Feridas,Pleno dia,Ceu Claro,Dupla,Urbano,Motocicletas,Ferido Leve,,M
83493610,27/08/16,RN,101,SAO GONCALO DO AMARANTE,Desobediência à sinalização,Atropelamento de pessoa,Com Vítimas Feridas,Pleno dia,Ceu Claro,Dupla,Urbano,,Ferido Leve,16.0,F
83493610,27/08/16,RN,101,SAO GONCALO DO AMARANTE,Desobediência à sinalização,Atropelamento de pessoa,Com Vítimas Feridas,Pleno dia,Ceu Claro,Dupla,Urbano,,Ferido Leve,1.0,M