id,data_inversa,uf,br,municipio,causa_acidente,tipo_acidente,classificacao_acidente,fase_dia,condicao_metereologica,tipo_pista,uso_solo,tipo_veiculo,estado_fisico,idade,sexo
83495772,27/08/16,RN,110,MOSSORO,Animais na Pista,Atropelamento de animal,Com Vítimas Feridas,Plena noite,Ceu Claro,Simples,Rural,Motocicletas,Ferido Grave,,M
83495772,27/08/16,RN,110,MOSSORO,Animais na Pista,Atropelamento de animal,Com Vítimas Feridas,Plena noite,Ceu Claro,Simples,Rural,Motocicletas,Ferido Leve,,M
83495772,27/08/16,RN,110,MOSSORO,Animais na Pista,Atropelamento de animal,Com Vítimas Feridas,Plena noite,Ceu Claro,Simples,Rural,Motocicletas,Ferido Leve,,M
83495772,27/08/16,RN,110,MOSSORO,Animais na Pista,Atropelamento de animal,Com Vítimas Feridas,Plena noite,Ceu Claro,Simples,Rural,Motocicletas,Ferido Leve,,M
83496362,27/08/16,RN,304,MOSSORO,Animais na Pista,Atropelamento de animal,Com Vítimas Feridas,Plena noite,Ignorada,Simples,Urbano,Motocicletas,Ignorado,,I
83496362,27/08/16,RN,304,MOSSORO,Animais na Pista,Atropelamento de animal,Com Vítimas Feridas,Plena noite,Ignorada,Simples,Urbano,Motocicletas,Ferido Grave,19.0,F
83493923,28/08/16,RN,101,ARES,Outras,Capotamento,Com Vítimas Feridas,Pleno dia,Sol,Dupla,Rural,Automóvel,Ferido Leve,63.0,M
83494094,28/08/16,RN,101,PARNAMIRIM,Ingestão de álcool,Colisão Transversal,Com Vítimas Feridas,Plena noite,Ceu Claro,Dupla,Urbano,Motocicletas,Ferido Leve,29.0,M
83494094,28/08/16,RN,101,PARNAMIRIM,Ingestão de álcool,Colisão Transversal,Com Vítimas Feridas,Plena noite,Ceu Claro,Dupla,Urbano,Motocicletas,Ferido Leve,21.0,M
83519800,28/08/16,RN,226,SERRA CAIADA,Ingestão de álcool,Colisão frontal,Com Vítimas Fatais,Plena noite,Ceu Claro,Simples,Rural,Automóvel,Ileso,33.0,M
83519800,28/08/16,RN,226,SERRA CAIADA,Ingestão de álcool,Colisão frontal,Com Vítimas Fatais,Plena noite,Ceu Claro,Simples,Rural,Automóvel,Ileso,29.0,F
83519800,28/08/16,RN,226,SERRA CAIADA,Ingestão de álcool,Colisão frontal,Com Vítimas Fatais,Plena noite,Ceu Claro,Simples,Rural,Automóvel,Ileso,1.0,M
83519800,28/08/16,RN,226,SERRA CAIADA,Ingestão de álcool,Colisão frontal,Com Vítimas Fatais,Plena noite,Ceu Claro,Simples,Rural,Automóvel,Ferido Leve,25.0,F
83519800,28/08/16,RN,226,SERRA CAIADA,Ingestão de álcool,Colisão frontal,Com Vítimas Fatais,Plena noite,Ceu Claro,Simples,Rural,Automóvel,Ferido Leve,,F
83519800,28/08/16,RN,226,SERRA CAIADA,Ingestão de álcool,Colisão frontal,Com Vítimas Fatais,Plena noite,Ceu Claro,Simples,Rural,Automóvel,Morto,39.0,M
83494293,29/08/16,RN,226,PAU DOS FERROS,Falta de atenção,Colisão traseira,Com Vítimas Feridas,Pleno dia,Sol,Simples,Rural,Motocicletas,Ferido Leve,28.0,M
83494293,29/08/16,RN,226,PAU DOS FERROS,Falta de atenção,Colisão traseira,Com Vítimas Feridas,Pleno dia,Sol,Simples,Rural,Motocicletas,Ferido Grave,25.0,M
83494355,29/08/16,RN,101,GOIANINHA,Outras,Saída de Pista,Com Vítimas Feridas,Pleno dia,Ceu Claro,Dupla,Rural,Automóvel,Ferido Leve,51.0,M
83494355,29/08/16,RN,101,GOIANINHA,Outras,Saída de Pista,Com Vítimas Feridas,Pleno dia,Ceu Claro,Dupla,Rural,Automóvel,Ferido Leve,34.0,F
83494288,29/08/16,RN,406,SAO GONCALO DO AMARANTE,Falta de atenção,Colisão Transversal,Com Vítimas Feridas,Anoitecer,Ceu Claro,Dupla,Urbano,Caminhonete,Ileso,36.0,M
83494288,29/08/16,RN,406,SAO GONCALO DO AMARANTE,Falta de atenção,Colisão Transversal,Com Vítimas Feridas,Anoitecer,Ceu Claro,Dupla,Urbano,Carroça,Ferido Leve,,M
83494288,29/08/16,RN,406,SAO GONCALO DO AMARANTE,Falta de atenção,Colisão Transversal,Com Vítimas Feridas,Anoitecer,Ceu Claro,Dupla,Urbano,Carroça,Ferido Leve,4.0,M
83494288,29/08/16,RN,406,SAO GONCALO DO AMARANTE,Falta de atenção,Colisão Transversal,Com Vítimas Feridas,Anoitecer,Ceu Claro,Dupla,Urbano,Carroça,Ferido Leve,15.0,M
83494288,29/08/16,RN,406,SAO GONCALO DO AMARANTE,Falta de atenção,Colisão Transversal,Com Vítimas Feridas,Anoitecer,Ceu Claro,Dupla,Urbano,Carroça,Ferido Leve,11.0,F
83494835,31/08/16,RN,226,ANTONIO MARTINS,Outras,Colisão traseira,Com Vítimas Fatais,Pleno dia,Ceu Claro,Dupla,Rural,Motocicletas,Ferido Leve,,M
83494835,31/08/16,RN,226,ANTONIO MARTINS,Outras,Colisão traseira,Com Vítimas Fatais,Pleno dia,Ceu Claro,Dupla,Rural,Automóvel,Ileso,55.0,M
83494835,31/08/16,RN,226,ANTONIO MARTINS,Outras,Colisão traseira,Com Vítimas Fatais,Pleno dia,Ceu Claro,Dupla,Rural,Motocicletas,Morto,,F
83494849,31/08/16,RN,101,NATAL,Outras,Colisão traseira,Sem Vítimas,Plena noite,Ceu Claro,Dupla,Urbano,Camioneta,Ileso,32.0,M
83494849,31/08/16,RN,101,NATAL,Outras,Colisão traseira,Sem Vítimas,Plena noite,Ceu Claro,Dupla,Urbano,Automóvel,Ileso,33.0,M
83494849,31/08/16,RN,101,NATAL,Outras,Colisão traseira,Sem Vítimas,Plena noite,Ceu Claro,Dupla,Urbano,Automóvel,Ileso,52.0,M
83505458,01/09/16,RN,406,CEARA-MIRIM,Outras,Colisão frontal,Sem Vítimas,Pleno dia,Ceu Claro,Simples,Rural,Automóvel,Ignorado,,I
83505458,01/09/16,RN,406,CEARA-MIRIM,Outras,Colisão frontal,Sem Vítimas,Pleno dia,Ceu Claro,Simples,Rural,Automóvel,Ileso,37.0,M
83505458,01/09/16,RN,406,CEARA-MIRIM,Outras,Colisão frontal,Sem Vítimas,Pleno dia,Ceu Claro,Simples,Rural,Automóvel,Ileso,32.0,M
83495134,01/09/16,RN,304,MOSSORO,Animais na Pista,Colisão traseira,Com Vítimas Feridas,Pleno dia,Ceu Claro,Simples,Urbano,Ciclomotor,Ferido Leve,45.0,F
83495134,01/09/16,RN,304,MOSSORO,Animais na Pista,Colisão traseira,Com Vítimas Feridas,Pleno dia,Ceu Claro,Simples,Urbano,Automóvel,Ileso,33.0,M
83495134,01/09/16,RN,304,MOSSORO,Animais na Pista,Colisão traseira,Com Vítimas Feridas,Pleno dia,Ceu Claro,Simples,Urbano,Automóvel,Ileso,52.0,M
83495134,01/09/16,RN,304,MOSSORO,Animais na Pista,Colisão traseira,Com Vítimas Feridas,Pleno dia,Ceu Claro,Simples,Urbano,Automóvel,Ileso,39.0,F
83495134,01/09/16,RN,304,MOSSORO,Animais na Pista,Colisão traseira,Com Vítimas Feridas,Pleno dia,Ceu Claro,Simples,Urbano,Automóvel,Ileso,30.0,F
83495134,01/09/16,RN,304,MOSSORO,Animais na Pista,Colisão traseira,Com Vítimas Feridas,Pleno dia,Ceu Claro,Simples,Urbano,Automóvel,Ileso,31.0,F
83495134,01/09/16,RN,304,MOSSORO,Animais na Pista,Colisão traseira,Com Vítimas Feridas,Pleno dia,Ceu Claro,Simples,Urbano,Automóvel,Ileso,,F
83495212,02/09/16,RN,101,NATAL,Não guardar distância de segurança,Colisão traseira,Com Vítimas Feridas,Pleno dia,Ceu Claro,Dupla,Urbano,Automóvel,Ileso,37.0,M
83495212,02/09/16,RN,101,NATAL,Não guardar distância de segurança,Colisão traseira,Com Vítimas Feridas,Pleno dia,Ceu Claro,Dupla,Urbano,Automóvel,Ferido Leve,35.0,F
83495212,02/09/16,RN,101,NATAL,Não guardar distância de segurança,Colisão traseira,Com Vítimas Feridas,Pleno dia,Ceu Claro,Dupla,Urbano,Automóvel,Ileso,31.0,M
83495210,02/09/16,RN,101,NATAL,Não guardar distância de segurança,Colisão lateral,Com Vítimas Feridas,Pleno dia,Ceu Claro,Simples,Urbano,Automóvel,Ileso,28.0,M
83495210,02/09/16,RN,101,NATAL,Não guardar distância de segurança,Colisão lateral,Com Vítimas Feridas,Pleno dia,Ceu Claro,Simples,Urbano,Motocicletas,Ferido Leve,26.0,M
83495210,02/09/16,RN,101,NATAL,Não guardar distância de segurança,Colisão lateral,Com Vítimas Feridas,Pleno dia,Ceu Claro,Simples,Urbano,Camioneta,Ileso,38.0,M
83495208,02/09/16,RN,101,EXTREMOZ,Outras,Colisão com objeto fixo,Com Vítimas Feridas,Pleno dia,Sol,Dupla,Rural,Motocicletas,Ferido Grave,49.0,M
83495369,02/09/16,RN,101,PARNAMIRIM,Não guardar distância de segurança,Colisão traseira,Sem Vítimas,Pleno dia,Ceu Claro,Dupla,Urbano,Automóvel,Ileso,27.0,M
83495369,02/09/16,RN,101,PARNAMIRIM,Não guardar distância de segurança,Colisão traseira,Sem Vítimas,Pleno dia,Ceu Claro,Dupla,Urbano,Caminhonete,Ileso,28.0,M
83495397,02/09/16,RN,304,SANTA MARIA,Animais na Pista,Saída de Pista,Sem Vítimas,Plena noite,Ceu Claro,Simples,Urbano,Automóvel,Ileso,28.0,M
83495525,03/09/16,RN,406,CEARA-MIRIM,Outras,Colisão Transversal,Com Vítimas Feridas,Pleno dia,Sol,Simples,Urbano,Motocicletas,Ferido Grave,34.0,M
83495525,03/09/16,RN,406,CEARA-MIRIM,Outras,Colisão Transversal,Com Vítimas Feridas,Pleno dia,Sol,Simples,Urbano,Motocicletas,Ferido Grave,27.0,M
83495525,03/09/16,RN,406,CEARA-MIRIM,Outras,Colisão Transversal,Com Vítimas Feridas,Pleno dia,Sol,Simples,Urbano,Automóvel,Ileso,36.0,M
83495625,03/09/16,RN,304,MOSSORO,Outras,Colisão frontal,Ignorado,Plena noite,Ceu Claro,Simples,Rural,Não identificado,Ignorado,,I
83495625,03/09/16,RN,304,MOSSORO,Outras,Colisão frontal,Ignorado,Plena noite,Ceu Claro,Simples,Rural,Automóvel,Ignorado,,I
83498577,03/09/16,RN,304,ASSU,Ingestão de álcool,Colisão frontal,Com Vítimas Feridas,Plena noite,Ceu Claro,Simples,Rural,Automóvel,Ferido Grave,41.0,M
83498577,03/09/16,RN,304,ASSU,Ingestão de álcool,Colisão frontal,Com Vítimas Feridas,Plena noite,Ceu Claro,Simples,Rural,Automóvel,Ferido Grave,29.0,M
83498577,03/09/16,RN,304,ASSU,Ingestão de álcool,Colisão frontal,Com Vítimas Feridas,Plena noite,Ceu Claro,Simples,Rural,Automóvel,Ferido Leve,35.0,M
83498577,03/09/16,RN,304,ASSU,Ingestão de álcool,Colisão frontal,Com Vítimas Feridas,Plena noite,Ceu Claro,Simples,Rural,Automóvel,Ferido Leve,33.0,M
83498577,03/09/16,RN,304,ASSU,Ingestão de álcool,Colisão frontal,Com Vítimas Feridas,Plena noite,Ceu Claro,Simples,Rural,Automóvel,Ferido Leve,28.0,M
83495632,03/09/16,RN,101,NATAL,Outras,Colisão Transversal,Com Vítimas Feridas,Plena noite,Vento,Dupla,Urbano,Ônibus,Ileso,48.0,M
83495632,03/09/16,RN,101,NATAL,Outras,Colisão Transversal,Com Vítimas Feridas,Plena noite,Vento,Dupla,Urbano,Ciclomotor,Ferido Leve,,M
83497694,03/09/16,RN,304,CAICARA DO RIO DO VENTO,Ingestão de álcool,Colisão frontal,Com Vítimas Fatais,Plena noite,Ceu Claro,Simples,Rural,Automóvel,Morto,52.0,M
83497694,03/09/16,RN,304,CAICARA DO RIO DO VENTO,Ingestão de álcool,Colisão frontal,Com Vítimas Fatais,Plena noite,Ceu Claro,Simples,Rural,Caminhão,Ileso,46.0,M
83496850,04/09/16,RN,226,SERRA CAIADA,Animais na Pista,Atropelamento de animal,Sem Vítimas,Plena noite,Ceu Claro,Simples,Rural,Caminhão,Ileso,36.0,M
83496942,04/09/16,RN,304,MACAIBA,Falta de atenção,Capotamento,Sem Vítimas,Pleno dia,Ceu Claro,Simples,Rural,Automóvel,Ileso,,F
83495957,04/09/16,RN,405,PAU DOS FERROS,Falta de atenção,Colisão Transversal,Com Vítimas Feridas,Pleno dia,Ignorada,Simples,Urbano,Motocicletas,Ferido Leve,24.0,M
83495957,04/09/16,RN,405,PAU DOS FERROS,Falta de atenção,Colisão Transversal,Com Vítimas Feridas,Pleno dia,Ignorada,Simples,Urbano,Motocicletas,Ferido Leve,15.0,F
83495957,04/09/16,RN,405,PAU DOS FERROS,Falta de atenção,Colisão Transversal,Com Vítimas Feridas,Pleno dia,Ignorada,Simples,Urbano,Automóvel,Ileso,23.0,M
83495870,04/09/16,RN,304,RIACHUELO,Falta de atenção,Colisão Transversal,Com Vítimas Feridas,Anoitecer,Ceu Claro,Simples,Rural,Automóvel,Ileso,30.0,F
83495870,04/09/16,RN,304,RIACHUELO,Falta de atenção,Colisão Transversal,Com Vítimas Feridas,Anoitecer,Ceu Claro,Simples,Rural,Automóvel,Ferido Leve,30.0,M
83495870,04/09/16,RN,304,RIACHUELO,Falta de atenção,Colisão Transversal,Com Vítimas Feridas,Anoitecer,Ceu Claro,Simples,Rural,Automóvel,Ileso,31.0,M
83495881,04/09/16,RN,110,AREIA BRANCA,Ingestão de álcool,Colisão frontal,Com Vítimas Feridas,Plena noite,Ceu Claro,Simples,Urbano,Automóvel,Ileso,33.0,M
83495881,04/09/16,RN,110,AREIA BRANCA,Ingestão de álcool,Colisão frontal,Com Vítimas Feridas,Plena noite,Ceu Claro,Simples,Urbano,Motocicletas,Ferido Grave,32.0,M
83495860,04/09/16,RN,304,MACAIBA,Falta de atenção,Colisão Transversal,Com Vítimas Feridas,Plena noite,Ceu Claro,Simples,Urbano,Automóvel,Ileso,20.0,M
83495860,04/09/16,RN,304,MACAIBA,Falta de atenção,Colisão Transversal,Com Vítimas Feridas,Plena noite,Ceu Claro,Simples,Urbano,Motocicletas,Ferido Grave,28.0,M
83495860,04/09/16,RN,304,MACAIBA,Falta de atenção,Colisão Transversal,Com Vítimas Feridas,Plena noite,Ceu Claro,Simples,Urbano,Motocicletas,Ferido Grave,,F
83495959,05/09/16,RN,101,GOIANINHA,Falta de atenção,Atropelamento de pessoa,Com Vítimas Fatais,Plena noite,Ceu Claro,Dupla,Rural,,Morto,,M
83495959,05/09/16,RN,101,GOIANINHA,Falta de atenção,Atropelamento de pessoa,Com Vítimas Fatais,Plena noite,Ceu Claro,Dupla,Rural,Automóvel,Ignorado,,I
83497617,05/09/16,RN,304,MOSSORO,Outras,Queda de motocicleta / bicicleta / veículo,Com Vítimas Feridas,Plena noite,Ceu Claro,Dupla,Urbano,Ciclomotor,Ignorado,,M
83497617,05/09/16,RN,304,MOSSORO,Outras,Queda de motocicleta / bicicleta / veículo,Com Vítimas Feridas,Plena noite,Ceu Claro,Dupla,Urbano,Ciclomotor,Ferido Leve,,F
83522531,05/09/16,RN,406,JOAO CAMARA,Outras,Atropelamento de pessoa,Com Vítimas Feridas,Plena noite,Nublado,Simples,Urbano,Caminhonete,Ileso,63.0,M
83522531,05/09/16,RN,406,JOAO CAMARA,Outras,Atropelamento de pessoa,Com Vítimas Feridas,Plena noite,Nublado,Simples,Urbano,,Ferido Grave,70.0,M
83496104,05/09/16,RN,405,PAU DOS FERROS,Outras,Colisão com objeto fixo,Ignorado,Plena noite,Ignorada,Simples,Rural,Automóvel,Ignorado,,I
83495993,05/09/16,RN,406,CEARA-MIRIM,Ultrapassagem indevida,Colisão traseira,Com Vítimas Feridas,Pleno dia,Ceu Claro,Simples,Rural,Automóvel,Ileso,31.0,M
83495993,05/09/16,RN,406,CEARA-MIRIM,Ultrapassagem indevida,Colisão traseira,Com Vítimas Feridas,Pleno dia,Ceu Claro,Simples,Rural,Automóvel,Ferido Grave,51.0,M
83495993,05/09/16,RN,406,CEARA-MIRIM,Ultrapassagem indevida,Colisão traseira,Com Vítimas Feridas,Pleno dia,Ceu Claro,Simples,Rural,Microônibus,Ileso,41.0,M
83496010,05/09/16,RN,101,PARNAMIRIM,Não guardar distância de segurança,Colisão traseira,Com Vítimas Feridas,Pleno dia,Nublado,Dupla,Urbano,Automóvel,Ileso,24.0,F
83496010,05/09/16,RN,101,PARNAMIRIM,Não guardar distância de segurança,Colisão traseira,Com Vítimas Feridas,Pleno dia,Nublado,Dupla,Urbano,Motocicletas,Ferido Grave,24.0,M
83496133,05/09/16,RN,101,SAO GONCALO DO AMARANTE,Não guardar distância de segurança,Colisão traseira,Sem Vítimas,Pleno dia,Sol,Dupla,Urbano,Caminhonete,Ileso,29.0,M
83496133,05/09/16,RN,101,SAO GONCALO DO AMARANTE,Não guardar distância de segurança,Colisão traseira,Sem Vítimas,Pleno dia,Sol,Dupla,Urbano,Automóvel,Ileso,52.0,M
83496223,05/09/16,RN,226,NATAL,Desobediência à sinalização,Colisão Transversal,Com Vítimas Feridas,Plena noite,Ceu Claro,Dupla,Urbano,Automóvel,Ileso,29.0,M
83496223,05/09/16,RN,226,NATAL,Desobediência à sinalização,Colisão Transversal,Com Vítimas Feridas,Plena noite,Ceu Claro,Dupla,Urbano,Motocicletas,Ferido Grave,33.0,M
83497011,05/09/16,RN,304,ITAJA,Desobediência à sinalização,Colisão Transversal,Com Vítimas Fatais,Plena noite,Ceu Claro,Simples,Rural,Caminhão-Trator,Ileso,40.0,M
83497011,05/09/16,RN,304,ITAJA,Desobediência à sinalização,Colisão Transversal,Com Vítimas Fatais,Plena noite,Ceu Claro,Simples,Rural,Motocicletas,Morto,25.0,M
83496310,06/09/16,RN,427,CAICO,Falta de atenção,Colisão Transversal,Sem Vítimas,Pleno dia,Ceu Claro,Simples,Rural,Automóvel,Ileso,51.0,F
83496310,06/09/16,RN,427,CAICO,Falta de atenção,Colisão Transversal,Sem Vítimas,Pleno dia,Ceu Claro,Simples,Rural,Caminhonete,Ileso,26.0,M
83496565,07/09/16,RN,101,SAO GONCALO DO AMARANTE,Falta de atenção,Colisão traseira,Sem Vítimas,Pleno dia,Sol,Dupla,Urbano,Automóvel,Ileso,35.0,F
83496565,07/09/16,RN,101,SAO GONCALO DO AMARANTE,Falta de atenção,Colisão traseira,Sem Vítimas,Pleno dia,Sol,Dupla,Urbano,Caminhonete,Ileso,34.0,M
83496610,07/09/16,RN,101,PARNAMIRIM,Outras,Colisão lateral,Com Vítimas Feridas,Pleno dia,Ceu Claro,Dupla,Urbano,Automóvel,Ignorado,,I
83496610,07/09/16,RN,101,PARNAMIRIM,Outras,Colisão lateral,Com Vítimas Feridas,Pleno dia,Ceu Claro,Dupla,Urbano,Motocicletas,Ferido Leve,26.0,F
83496610,07/09/16,RN,101,PARNAMIRIM,Outras,Colisão lateral,Com Vítimas Feridas,Pleno dia,Ceu Claro,Dupla,Urbano,Motocicletas,Ferido Leve,29.0,M
83496610,07/09/16,RN,101,PARNAMIRIM,Outras,Colisão lateral,Com Vítimas Feridas,Pleno dia,Ceu Claro,Dupla,Urbano,Motocicletas,Ferido Leve,35.0,F
83496674,07/09/16,RN,304,ASSU,Desobediência à sinalização,Colisão Transversal,Com Vítimas Feridas,Pleno dia,Ceu Claro,Simples,Rural,Automóvel,Ileso,39.0,F
83496674,07/09/16,RN,304,ASSU,Desobediência à sinalização,Colisão Transversal,Com Vítimas Feridas,Pleno dia,Ceu Claro,Simples,Rural,Motocicletas,Ferido Leve,29.0,M
83496674,07/09/16,RN,304,ASSU,Desobediência à sinalização,Colisão Transversal,Com Vítimas Feridas,Pleno dia,Ceu Claro,Simples,Rural,Motocicletas,Ferido Grave,7.0,M
83496743,07/09/16,RN,405,RIACHO DE SANTANA,Outras,Colisão lateral,Com Vítimas Feridas,Pleno dia,Ceu Claro,Simples,Rural,Caminhão-Trator,Ileso,50.0,M
83496743,07/09/16,RN,405,RIACHO DE SANTANA,Outras,Colisão lateral,Com Vítimas Feridas,Pleno dia,Ceu Claro,Simples,Rural,Motocicletas,Ferido Grave,67.0,M
83498852,08/09/16,RN,406,JOAO CAMARA,Desobediência à sinalização,Colisão Transversal,Com Vítimas Feridas,Pleno dia,Sol,Simples,Urbano,Motocicletas,Ferido Leve,29.0,M
83498852,08/09/16,RN,406,JOAO CAMARA,Desobediência à sinalização,Colisão Transversal,Com Vítimas Feridas,Pleno dia,Sol,Simples,Urbano,Caminhonete,Ileso,28.0,M
83498990,08/09/16,RN,110,UPANEMA,Outras,Colisão traseira,Com Vítimas Feridas,Plena noite,Ceu Claro,Dupla,Urbano,Caminhão,Ileso,50.0,M
83498990,08/09/16,RN,110,UPANEMA,Outras,Colisão traseira,Com Vítimas Feridas,Plena noite,Ceu Claro,Dupla,Urbano,Ciclomotor,Ferido Grave,28.0,M
83496931,08/09/16,RN,406,CEARA-MIRIM,Ultrapassagem indevida,Colisão frontal,Com Vítimas Feridas,Plena noite,Ceu Claro,Simples,Rural,Automóvel,Ferido Leve,29.0,M
83496931,08/09/16,RN,406,CEARA-MIRIM,Ultrapassagem indevida,Colisão frontal,Com Vítimas Feridas,Plena noite,Ceu Claro,Simples,Rural,Automóvel,Ileso,32.0,M
83496938,08/09/16,RN,101,NATAL,Falta de atenção,Atropelamento de pessoa,Com Vítimas Fatais,Plena noite,Ceu Claro,Dupla,Urbano,,Morto,44.0,M
83496938,08/09/16,RN,101,NATAL,Falta de atenção,Atropelamento de pessoa,Com Vítimas Fatais,Plena noite,Ceu Claro,Dupla,Urbano,Não identificado,Ignorado,,I
83498164,09/09/16,RN,226,NATAL,Outras,Colisão com bicicleta,Com Vítimas Feridas,Pleno dia,Ceu Claro,Simples,Urbano,Bicicleta,Ferido Grave,,M
83498164,09/09/16,RN,226,NATAL,Outras,Colisão com bicicleta,Com Vítimas Feridas,Pleno dia,Ceu Claro,Simples,Urbano,Automóvel,Ignorado,,I
83497109,09/09/16,RN,101,SAO GONCALO DO AMARANTE,Falta de atenção,Colisão lateral,Com Vítimas Feridas,Pleno dia,Sol,Dupla,Urbano,Motocicletas,Ferido Leve,,M
83497109,09/09/16,RN,101,SAO GONCALO DO AMARANTE,Falta de atenção,Colisão lateral,Com Vítimas Feridas,Pleno dia,Sol,Dupla,Urbano,Automóvel,Ileso,33.0,M
83497076,09/09/16,RN,304,MOSSORO,Falta de atenção,Colisão Transversal,Com Vítimas Feridas,Pleno dia,Sol,Dupla,Rural,Motocicletas,Ferido Grave,33.0,M
83497076,09/09/16,RN,304,MOSSORO,Falta de atenção,Colisão Transversal,Com Vítimas Feridas,Pleno dia,Sol,Dupla,Rural,Motocicletas,Ferido Leve,18.0,M
83497076,09/09/16,RN,304,MOSSORO,Falta de atenção,Colisão Transversal,Com Vítimas Feridas,Pleno dia,Sol,Dupla,Rural,Caminhão,Ileso,31.0,M
83497100,09/09/16,RN,101,SAO GONCALO DO AMARANTE,Falta de atenção,Colisão lateral,Com Vítimas Feridas,Pleno dia,Sol,Dupla,Urbano,Camioneta,Ignorado,,I
83497100,09/09/16,RN,101,SAO GONCALO DO AMARANTE,Falta de atenção,Colisão lateral,Com Vítimas Feridas,Pleno dia,Sol,Dupla,Urbano,Motocicletas,Ferido Leve,47.0,M
83498234,09/09/16,RN,101,NATAL,Não guardar distância de segurança,Colisão traseira,Com Vítimas Feridas,Pleno dia,Ceu Claro,Simples,Urbano,Caminhão,Ileso,27.0,M
83498234,09/09/16,RN,101,NATAL,Não guardar distância de segurança,Colisão traseira,Com Vítimas Feridas,Pleno dia,Ceu Claro,Simples,Urbano,Motocicletas,Ferido Grave,21.0,M
83497345,10/09/16,RN,101,PARNAMIRIM,Falta de atenção,Colisão traseira,Sem Vítimas,Pleno dia,Chuva,Dupla,Urbano,Automóvel,Ileso,34.0,M
83497345,10/09/16,RN,101,PARNAMIRIM,Falta de atenção,Colisão traseira,Sem Vítimas,Pleno dia,Chuva,Dupla,Urbano,Automóvel,Ileso,31.0,M
83497286,10/09/16,RN,304,FERNANDO PEDROZA,Não guardar distância de segurança,Colisão traseira,Com Vítimas Feridas,Pleno dia,Nublado,Simples,Rural,Caminhonete,Ileso,53.0,M
83497286,10/09/16,RN,304,FERNANDO PEDROZA,Não guardar distância de segurança,Colisão traseira,Com Vítimas Feridas,Pleno dia,Nublado,Simples,Rural,Motocicletas,Ferido Grave,21.0,M
83497343,10/09/16,RN,101,SAO JOSE DE MIPIBU,Falta de atenção,Colisão Transversal,Com Vítimas Feridas,Pleno dia,Chuva,Dupla,Urbano,Motocicletas,Ferido Grave,32.0,M
83497343,10/09/16,RN,101,SAO JOSE DE MIPIBU,Falta de atenção,Colisão Transversal,Com Vítimas Feridas,Pleno dia,Chuva,Dupla,Urbano,Caminhão-Trator,Ileso,32.0,M
83497436,10/09/16,RN,304,LAJES,Falta de atenção,Colisão Transversal,Com Vítimas Feridas,Plena noite,Ceu Claro,Simples,Rural,Automóvel,Ileso,29.0,M
83497436,10/09/16,RN,304,LAJES,Falta de atenção,Colisão Transversal,Com Vítimas Feridas,Plena noite,Ceu Claro,Simples,Rural,Motocicletas,Ferido Leve,27.0,M
83497477,10/09/16,RN,110,MOSSORO,Ingestão de álcool,Colisão com objeto móvel,Com Vítimas Feridas,Plena noite,Ceu Claro,Simples,Urbano,Motocicletas,Ileso,57.0,M
83497477,10/09/16,RN,110,MOSSORO,Ingestão de álcool,Colisão com objeto móvel,Com Vítimas Feridas,Plena noite,Ceu Claro,Simples,Urbano,,Ferido Leve,32.0,M
83497670,11/09/16,RN,101,GOIANINHA,Animais na Pista,Atropelamento de animal,Ignorado,Plena noite,Chuva,Dupla,Rural,Utilitário,Ignorado,,M
83497670,11/09/16,RN,101,GOIANINHA,Animais na Pista,Atropelamento de animal,Ignorado,Plena noite,Chuva,Dupla,Rural,Utilitário,Ignorado,,M
83502027,11/09/16,RN,110,MOSSORO,Falta de atenção,Colisão traseira,Com Vítimas Fatais,Pleno dia,Ceu Claro,Dupla,Urbano,Caminhão,Ileso,42.0,M
83502027,11/09/16,RN,110,MOSSORO,Falta de atenção,Colisão traseira,Com Vítimas Fatais,Pleno dia,Ceu Claro,Dupla,Urbano,Caminhão,Ileso,22.0,M
83502027,11/09/16,RN,110,MOSSORO,Falta de atenção,Colisão traseira,Com Vítimas Fatais,Pleno dia,Ceu Claro,Dupla,Urbano,Motocicletas,Morto,24.0,M
83502027,11/09/16,RN,110,MOSSORO,Falta de atenção,Colisão traseira,Com Vítimas Fatais,Pleno dia,Ceu Claro,Dupla,Urbano,Motocicletas,Ferido Grave,53.0,M
83498144,12/09/16,RN,304,MACAIBA,Falta de atenção,Colisão Transversal,Com Vítimas Feridas,Pleno dia,Ceu Claro,Simples,Urbano,Motocicletas,Ferido Grave,29.0,M
83498144,12/09/16,RN,304,MACAIBA,Falta de atenção,Colisão Transversal,Com Vítimas Feridas,Pleno dia,Ceu Claro,Simples,Urbano,Automóvel,Ileso,23.0,M
83497989,12/09/16,RN,226,ANTONIO MARTINS,Velocidade incompatível,Saída de Pista,Com Vítimas Feridas,Pleno dia,Sol,Múltipla,Rural,Motocicletas,Ferido Grave,58.0,M