id,data_inversa,uf,br,municipio,causa_acidente,tipo_acidente,classificacao_acidente,fase_dia,condicao_metereologica,tipo_pista,uso_solo,tipo_veiculo,estado_fisico,idade,sexo
83507219,09/10/16,RN,427,CAICO,Ingestão de álcool,Colisão lateral,Com Vítimas Feridas,Plena noite,Ceu Claro,Simples,Urbano,Ciclomotor,Ferido Grave,64.0,M
83505870,09/10/16,RN,226,NATAL,Desobediência à sinalização,Colisão Transversal,Com Vítimas Feridas,Plena noite,Ceu Claro,Simples,Urbano,Motocicletas,Ferido Leve,20.0,M
83505870,09/10/16,RN,226,NATAL,Desobediência à sinalização,Colisão Transversal,Com Vítimas Feridas,Plena noite,Ceu Claro,Simples,Urbano,Caminhonete,Ignorado,,I
83506823,10/10/16,RN,101,SAO GONCALO DO AMARANTE,Outras,Colisão com objeto fixo,Com Vítimas Feridas,Plena noite,Ceu Claro,Dupla,Urbano,Automóvel,Ferido Leve,39.0,M
83506823,10/10/16,RN,101,SAO GONCALO DO AMARANTE,Outras,Colisão com objeto fixo,Com Vítimas Feridas,Plena noite,Ceu Claro,Dupla,Urbano,Automóvel,Ferido Leve,39.0,F
83506823,10/10/16,RN,101,SAO GONCALO DO AMARANTE,Outras,Colisão com objeto fixo,Com Vítimas Feridas,Plena noite,Ceu Claro,Dupla,Urbano,Automóvel,Ferido Leve,38.0,F
83507024,10/10/16,RN,101,PARNAMIRIM,Defeito mecânico em veículo,Queda de motocicleta / bicicleta / veículo,Com Vítimas Feridas,Amanhecer,Ceu Claro,Dupla,Rural,Motocicletas,Ferido Grave,22.0,M
83507024,10/10/16,RN,101,PARNAMIRIM,Defeito mecânico em veículo,Queda de motocicleta / bicicleta / veículo,Com Vítimas Feridas,Amanhecer,Ceu Claro,Dupla,Rural,Automóvel,Ileso,39.0,M
83506115,10/10/16,RN,304,MOSSORO,Defeito na via,Queda de motocicleta / bicicleta / veículo,Com Vítimas Feridas,Plena noite,Ceu Claro,Dupla,Rural,Motocicletas,Ferido Leve,24.0,M
83506168,10/10/16,RN,101,PARNAMIRIM,Falta de atenção,Colisão Transversal,Com Vítimas Feridas,Plena noite,Nublado,Dupla,Urbano,Automóvel,Ignorado,,I
83506168,10/10/16,RN,101,PARNAMIRIM,Falta de atenção,Colisão Transversal,Com Vítimas Feridas,Plena noite,Nublado,Dupla,Urbano,Motocicletas,Ferido Leve,22.0,M
83506168,10/10/16,RN,101,PARNAMIRIM,Falta de atenção,Colisão Transversal,Com Vítimas Feridas,Plena noite,Nublado,Dupla,Urbano,Motocicletas,Ferido Leve,,F
83529726,11/10/16,RN,405,SAO FRANCISCO DO OESTE,Outras,Colisão com objeto fixo,Com Vítimas Fatais,Pleno dia,Ceu Claro,Simples,Rural,Caminhão,Ileso,35.0,M
83529726,11/10/16,RN,405,SAO FRANCISCO DO OESTE,Outras,Colisão com objeto fixo,Com Vítimas Fatais,Pleno dia,Ceu Claro,Simples,Rural,Motocicletas,Ferido Grave,26.0,M
83529726,11/10/16,RN,405,SAO FRANCISCO DO OESTE,Outras,Colisão com objeto fixo,Com Vítimas Fatais,Pleno dia,Ceu Claro,Simples,Rural,Motocicletas,Morto,60.0,M
83506325,11/10/16,RN,406,SAO GONCALO DO AMARANTE,Falta de atenção,Colisão Transversal,Com Vítimas Feridas,Pleno dia,Ceu Claro,Dupla,Urbano,Motocicletas,Ferido Grave,37.0,M
83506325,11/10/16,RN,406,SAO GONCALO DO AMARANTE,Falta de atenção,Colisão Transversal,Com Vítimas Feridas,Pleno dia,Ceu Claro,Dupla,Urbano,Automóvel,Ileso,30.0,M
83506743,12/10/16,RN,304,FERNANDO PEDROZA,Outras,Capotamento,Com Vítimas Feridas,Amanhecer,Ceu Claro,Simples,Rural,Automóvel,Ferido Leve,43.0,F
83506555,12/10/16,RN,406,SAO GONCALO DO AMARANTE,Outras,Colisão frontal,Com Vítimas Fatais,Pleno dia,Nublado,Simples,Rural,Motocicletas,Morto,35.0,M
83506555,12/10/16,RN,406,SAO GONCALO DO AMARANTE,Outras,Colisão frontal,Com Vítimas Fatais,Pleno dia,Nublado,Simples,Rural,Motocicletas,Morto,36.0,F
83506555,12/10/16,RN,406,SAO GONCALO DO AMARANTE,Outras,Colisão frontal,Com Vítimas Fatais,Pleno dia,Nublado,Simples,Rural,Microônibus,Ileso,28.0,M
83506630,12/10/16,RN,406,SAO GONCALO DO AMARANTE,Outras,Capotamento,Sem Vítimas,Pleno dia,Nublado,Dupla,Urbano,Automóvel,Ileso,32.0,M
83510232,12/10/16,RN,304,MOSSORO,Falta de atenção,Colisão traseira,Com Vítimas Feridas,Anoitecer,Ignorada,Dupla,Urbano,Ciclomotor,Ferido Leve,38.0,F
83510232,12/10/16,RN,304,MOSSORO,Falta de atenção,Colisão traseira,Com Vítimas Feridas,Anoitecer,Ignorada,Dupla,Urbano,Ciclomotor,Ferido Leve,51.0,F
83510232,12/10/16,RN,304,MOSSORO,Falta de atenção,Colisão traseira,Com Vítimas Feridas,Anoitecer,Ignorada,Dupla,Urbano,Automóvel,Ileso,40.0,M
83507918,12/10/16,RN,101,SAO GONCALO DO AMARANTE,Outras,Atropelamento de pessoa,Com Vítimas Feridas,Plena noite,Ceu Claro,Dupla,Urbano,Motocicletas,Ignorado,,I
83507918,12/10/16,RN,101,SAO GONCALO DO AMARANTE,Outras,Atropelamento de pessoa,Com Vítimas Feridas,Plena noite,Ceu Claro,Dupla,Urbano,,Ferido Grave,61.0,M
83508991,12/10/16,RN,427,CAICO,Ingestão de álcool,Queda de motocicleta / bicicleta / veículo,Com Vítimas Feridas,Plena noite,Ceu Claro,Simples,Urbano,Motocicletas,Ferido Grave,26.0,M
83508887,13/10/16,RN,101,PARNAMIRIM,Outras,Tombamento,Com Vítimas Feridas,Plena noite,Ceu Claro,Múltipla,Urbano,Motoneta,Ferido Grave,30.0,F
83508284,13/10/16,RN,304,MOSSORO,Outras,Queda de motocicleta / bicicleta / veículo,Com Vítimas Feridas,Plena noite,Ceu Claro,Simples,Rural,Ciclomotor,Ferido Grave,52.0,M
83508292,13/10/16,RN,304,ITAJA,Animais na Pista,Atropelamento de animal,Com Vítimas Feridas,Plena noite,Ceu Claro,Simples,Rural,Automóvel,Ferido Leve,42.0,M
83507260,14/10/16,RN,110,MOSSORO,Outras,Colisão Transversal,Com Vítimas Feridas,Pleno dia,Sol,Simples,Urbano,Motocicletas,Ignorado,,M
83507260,14/10/16,RN,110,MOSSORO,Outras,Colisão Transversal,Com Vítimas Feridas,Pleno dia,Sol,Simples,Urbano,Motoneta,Ferido Leve,44.0,F
83513764,14/10/16,RN,101,PARNAMIRIM,Falta de atenção,Colisão lateral,Com Vítimas Feridas,Pleno dia,Ceu Claro,Dupla,Urbano,Motocicletas,Ferido Leve,,F
83513764,14/10/16,RN,101,PARNAMIRIM,Falta de atenção,Colisão lateral,Com Vítimas Feridas,Pleno dia,Ceu Claro,Dupla,Urbano,Automóvel,Ileso,,M
83509780,14/10/16,RN,304,MACAIBA,Falta de atenção,Colisão lateral,Com Vítimas Feridas,Pleno dia,Ceu Claro,Dupla,Rural,Motocicletas,Ferido Leve,23.0,M
83509780,14/10/16,RN,304,MACAIBA,Falta de atenção,Colisão lateral,Com Vítimas Feridas,Pleno dia,Ceu Claro,Dupla,Rural,Automóvel,Ignorado,,I
83507371,14/10/16,RN,101,PARNAMIRIM,Outras,Colisão lateral,Com Vítimas Feridas,Pleno dia,Ceu Claro,Dupla,Urbano,Motocicletas,Ferido Leve,33.0,M
83507371,14/10/16,RN,101,PARNAMIRIM,Outras,Colisão lateral,Com Vítimas Feridas,Pleno dia,Ceu Claro,Dupla,Urbano,Caminhão,Ileso,33.0,M
83507432,14/10/16,RN,101,CEARA-MIRIM,Falta de atenção,Capotamento,Com Vítimas Feridas,Anoitecer,Nublado,Simples,Rural,Automóvel,Ferido Leve,32.0,F
83508629,14/10/16,RN,406,JOAO CAMARA,Outras,Saída de Pista,Com Vítimas Feridas,Plena noite,Ceu Claro,Simples,Rural,Automóvel,Ferido Grave,30.0,M
83507566,15/10/16,RN,304,MOSSORO,Ingestão de álcool,Colisão com objeto fixo,Com Vítimas Feridas,Pleno dia,Sol,Dupla,Urbano,Motoneta,Ferido Leve,41.0,M
83508950,15/10/16,RN,101,PARNAMIRIM,Falta de atenção,Atropelamento de pessoa,Com Vítimas Feridas,Pleno dia,Ceu Claro,Dupla,Urbano,,Ferido Leve,46.0,M
83508950,15/10/16,RN,101,PARNAMIRIM,Falta de atenção,Atropelamento de pessoa,Com Vítimas Feridas,Pleno dia,Ceu Claro,Dupla,Urbano,Motocicletas,Ignorado,,M
83508749,15/10/16,RN,304,MACAIBA,Outras,Colisão traseira,Com Vítimas Feridas,Pleno dia,Ceu Claro,Simples,Rural,Automóvel,Ileso,47.0,M
83508749,15/10/16,RN,304,MACAIBA,Outras,Colisão traseira,Com Vítimas Feridas,Pleno dia,Ceu Claro,Simples,Rural,Motocicletas,Ferido Leve,35.0,M
83508020,15/10/16,RN,304,ANGICOS,Outras,Saída de Pista,Sem Vítimas,Anoitecer,Sol,Simples,Rural,Caminhão-Trator,Ileso,34.0,M
83508683,15/10/16,RN,101,CANGUARETAMA,Desobediência à sinalização,Colisão frontal,Com Vítimas Feridas,Plena noite,Ceu Claro,Dupla,Urbano,Caminhonete,Ileso,52.0,M
83508683,15/10/16,RN,101,CANGUARETAMA,Desobediência à sinalização,Colisão frontal,Com Vítimas Feridas,Plena noite,Ceu Claro,Dupla,Urbano,Ciclomotor,Ferido Grave,36.0,M
83507829,16/10/16,RN,405,ITAU,Outras,Colisão Transversal,Sem Vítimas,Pleno dia,Sol,Simples,Rural,Caminhão-Trator,Ileso,66.0,M
83507829,16/10/16,RN,405,ITAU,Outras,Colisão Transversal,Sem Vítimas,Pleno dia,Sol,Simples,Rural,Caminhonete,Ileso,50.0,F
83507829,16/10/16,RN,405,ITAU,Outras,Colisão Transversal,Sem Vítimas,Pleno dia,Sol,Simples,Rural,Caminhonete,Ileso,,M
83507829,16/10/16,RN,405,ITAU,Outras,Colisão Transversal,Sem Vítimas,Pleno dia,Sol,Simples,Rural,Caminhonete,Ileso,,M
83507829,16/10/16,RN,405,ITAU,Outras,Colisão Transversal,Sem Vítimas,Pleno dia,Sol,Simples,Rural,Caminhonete,Ileso,,M
83510004,16/10/16,RN,101,CANGUARETAMA,Defeito na via,Queda de motocicleta / bicicleta / veículo,Com Vítimas Feridas,Amanhecer,Ceu Claro,Dupla,Rural,Motocicletas,Ferido Leve,56.0,M
83510004,16/10/16,RN,101,CANGUARETAMA,Defeito na via,Queda de motocicleta / bicicleta / veículo,Com Vítimas Feridas,Amanhecer,Ceu Claro,Dupla,Rural,Motocicletas,Ferido Grave,39.0,F
83509233,16/10/16,RN,101,CEARA-MIRIM,Outras,Colisão frontal,Com Vítimas Feridas,Plena noite,Ceu Claro,Simples,Rural,Automóvel,Ignorado,56.0,M
83509233,16/10/16,RN,101,CEARA-MIRIM,Outras,Colisão frontal,Com Vítimas Feridas,Plena noite,Ceu Claro,Simples,Rural,Carroça,Ferido Grave,26.0,M
83509102,17/10/16,RN,101,NATAL,Não guardar distância de segurança,Colisão traseira,Com Vítimas Feridas,Amanhecer,Chuva,Múltipla,Urbano,Automóvel,Ileso,34.0,M
83509102,17/10/16,RN,101,NATAL,Não guardar distância de segurança,Colisão traseira,Com Vítimas Feridas,Amanhecer,Chuva,Múltipla,Urbano,Motocicletas,Ferido Leve,38.0,M
83508245,17/10/16,RN,406,GUAMARE,Outras,Colisão Transversal,Com Vítimas Feridas,Pleno dia,Ceu Claro,Simples,Rural,Automóvel,Ferido Leve,,M
83508245,17/10/16,RN,406,GUAMARE,Outras,Colisão Transversal,Com Vítimas Feridas,Pleno dia,Ceu Claro,Simples,Rural,Caminhonete,Ileso,21.0,M
83508245,17/10/16,RN,406,GUAMARE,Outras,Colisão Transversal,Com Vítimas Feridas,Pleno dia,Ceu Claro,Simples,Rural,Caminhonete,Ferido Grave,,M
83508185,17/10/16,RN,304,MACAIBA,Outras,Capotamento,Com Vítimas Feridas,Pleno dia,Ceu Claro,Dupla,Rural,Automóvel,Ferido Leve,41.0,M
83508246,17/10/16,RN,101,RIO DO FOGO,Animais na Pista,Atropelamento de animal,Com Vítimas Feridas,Anoitecer,Ceu Claro,Simples,Rural,Caminhonete,Ferido Grave,54.0,M
83508246,17/10/16,RN,101,RIO DO FOGO,Animais na Pista,Atropelamento de animal,Com Vítimas Feridas,Anoitecer,Ceu Claro,Simples,Rural,Caminhonete,Ferido Leve,19.0,M
83509721,17/10/16,RN,304,MOSSORO,Ingestão de álcool,Colisão lateral,Com Vítimas Fatais,Pleno dia,Ceu Claro,Simples,Urbano,Motocicletas,Morto,30.0,M
83509721,17/10/16,RN,304,MOSSORO,Ingestão de álcool,Colisão lateral,Com Vítimas Fatais,Pleno dia,Ceu Claro,Simples,Urbano,Caminhão,Ignorado,,I
83510710,18/10/16,RN,101,NATAL,Defeito mecânico em veículo,Colisão traseira,Com Vítimas Feridas,Pleno dia,Ceu Claro,Múltipla,Urbano,Automóvel,Ileso,,F
83510710,18/10/16,RN,101,NATAL,Defeito mecânico em veículo,Colisão traseira,Com Vítimas Feridas,Pleno dia,Ceu Claro,Múltipla,Urbano,Automóvel,Ferido Leve,39.0,F
83510710,18/10/16,RN,101,NATAL,Defeito mecânico em veículo,Colisão traseira,Com Vítimas Feridas,Pleno dia,Ceu Claro,Múltipla,Urbano,Automóvel,Ferido Leve,33.0,M
83508366,18/10/16,RN,101,NATAL,Não guardar distância de segurança,Colisão lateral,Com Vítimas Feridas,Pleno dia,Ceu Claro,Simples,Urbano,Motocicletas,Ferido Leve,18.0,M
83508366,18/10/16,RN,101,NATAL,Não guardar distância de segurança,Colisão lateral,Com Vítimas Feridas,Pleno dia,Ceu Claro,Simples,Urbano,Automóvel,Ileso,42.0,M
83508366,18/10/16,RN,101,NATAL,Não guardar distância de segurança,Colisão lateral,Com Vítimas Feridas,Pleno dia,Ceu Claro,Simples,Urbano,Caminhonete,Ileso,55.0,M
83513674,18/10/16,RN,406,MACAU,Dormindo,Capotamento,Com Vítimas Fatais,Pleno dia,Sol,Simples,Rural,Automóvel,Ferido Leve,45.0,M
83513674,18/10/16,RN,406,MACAU,Dormindo,Capotamento,Com Vítimas Fatais,Pleno dia,Sol,Simples,Rural,Automóvel,Morto,31.0,F
83513674,18/10/16,RN,406,MACAU,Dormindo,Capotamento,Com Vítimas Fatais,Pleno dia,Sol,Simples,Rural,Automóvel,Ferido Grave,31.0,F
83513674,18/10/16,RN,406,MACAU,Dormindo,Capotamento,Com Vítimas Fatais,Pleno dia,Sol,Simples,Rural,Automóvel,Ferido Grave,37.0,M
83508595,18/10/16,RN,226,MACAIBA,Outras,Colisão Transversal,Com Vítimas Feridas,Pleno dia,Ceu Claro,Simples,Urbano,Caminhonete,Ileso,40.0,M
83508595,18/10/16,RN,226,MACAIBA,Outras,Colisão Transversal,Com Vítimas Feridas,Pleno dia,Ceu Claro,Simples,Urbano,Bicicleta,Ferido Leve,,M
83508634,18/10/16,RN,304,MOSSORO,Outras,Colisão Transversal,Com Vítimas Feridas,Plena noite,Ceu Claro,Simples,Urbano,Automóvel,Ferido Leve,30.0,M
83508634,18/10/16,RN,304,MOSSORO,Outras,Colisão Transversal,Com Vítimas Feridas,Plena noite,Ceu Claro,Simples,Urbano,Automóvel,Ferido Leve,21.0,F
83508634,18/10/16,RN,304,MOSSORO,Outras,Colisão Transversal,Com Vítimas Feridas,Plena noite,Ceu Claro,Simples,Urbano,Caminhão,Ileso,54.0,M
83509616,18/10/16,RN,101,SAO GONCALO DO AMARANTE,Outras,Atropelamento de pessoa,Com Vítimas Feridas,Plena noite,Ceu Claro,Dupla,Urbano,Caminhonete,Ileso,28.0,M
83509616,18/10/16,RN,101,SAO GONCALO DO AMARANTE,Outras,Atropelamento de pessoa,Com Vítimas Feridas,Plena noite,Ceu Claro,Dupla,Urbano,,Ferido Leve,,F
83509664,19/10/16,RN,101,SAO JOSE DE MIPIBU,Outras,Colisão traseira,Com Vítimas Feridas,Plena noite,Ceu Claro,Múltipla,Urbano,Motocicletas,Ferido Grave,39.0,M
83509664,19/10/16,RN,101,SAO JOSE DE MIPIBU,Outras,Colisão traseira,Com Vítimas Feridas,Plena noite,Ceu Claro,Múltipla,Urbano,Caminhão-Trator,Ileso,22.0,M
83508790,19/10/16,RN,101,SAO JOSE DE MIPIBU,Velocidade incompatível,Capotamento,Ignorado,Pleno dia,Ceu Claro,Dupla,Rural,Automóvel,Ignorado,,I
83508786,19/10/16,RN,101,NATAL,Falta de atenção,Colisão lateral,Com Vítimas Feridas,Pleno dia,Sol,Dupla,Urbano,Caminhão,Ignorado,,I
83508786,19/10/16,RN,101,NATAL,Falta de atenção,Colisão lateral,Com Vítimas Feridas,Pleno dia,Sol,Dupla,Urbano,Motocicletas,Ferido Leve,30.0,F
83508786,19/10/16,RN,101,NATAL,Falta de atenção,Colisão lateral,Com Vítimas Feridas,Pleno dia,Sol,Dupla,Urbano,Motocicletas,Ferido Leve,,M
83509996,19/10/16,RN,101,NATAL,Falta de atenção,Colisão lateral,Com Vítimas Feridas,Pleno dia,Sol,Dupla,Urbano,Caminhão,Ileso,56.0,M
83509996,19/10/16,RN,101,NATAL,Falta de atenção,Colisão lateral,Com Vítimas Feridas,Pleno dia,Sol,Dupla,Urbano,Motocicletas,Ferido Leve,21.0,M
83508860,19/10/16,RN,101,BAIA FORMOSA,Dormindo,Saída de Pista,Com Vítimas Feridas,Pleno dia,Vento,Dupla,Rural,Automóvel,Ferido Leve,24.0,M
83508896,19/10/16,RN,101,SAO GONCALO DO AMARANTE,Defeito mecânico em veículo,Colisão com objeto fixo,Sem Vítimas,Pleno dia,Vento,Dupla,Urbano,Automóvel,Ileso,35.0,M
83508865,19/10/16,RN,427,CAICO,Falta de atenção,Atropelamento de pessoa,Com Vítimas Feridas,Plena noite,Ceu Claro,Simples,Urbano,Ciclomotor,Ferido Grave,18.0,M
83508865,19/10/16,RN,427,CAICO,Falta de atenção,Atropelamento de pessoa,Com Vítimas Feridas,Plena noite,Ceu Claro,Simples,Urbano,,Ferido Grave,65.0,F
83508877,19/10/16,RN,101,SAO JOSE DE MIPIBU,Ingestão de álcool,Colisão traseira,Com Vítimas Feridas,Plena noite,Ceu Claro,Dupla,Urbano,Motocicletas,Ferido Leve,26.0,M
83508877,19/10/16,RN,101,SAO JOSE DE MIPIBU,Ingestão de álcool,Colisão traseira,Com Vítimas Feridas,Plena noite,Ceu Claro,Dupla,Urbano,Carroça,Ileso,,M
83508915,19/10/16,RN,406,CEARA-MIRIM,Outras,Atropelamento de pessoa,Com Vítimas Feridas,Plena noite,Vento,Simples,Urbano,,Ferido Grave,,M
83508915,19/10/16,RN,406,CEARA-MIRIM,Outras,Atropelamento de pessoa,Com Vítimas Feridas,Plena noite,Vento,Simples,Urbano,Não identificado,Ignorado,,I
83510127,19/10/16,RN,110,AREIA BRANCA,Outras,Atropelamento de animal,Com Vítimas Feridas,Plena noite,Ceu Claro,Simples,Rural,Motocicletas,Ferido Grave,29.0,M
83510127,19/10/16,RN,110,AREIA BRANCA,Outras,Atropelamento de animal,Com Vítimas Feridas,Plena noite,Ceu Claro,Simples,Rural,Motocicletas,Ferido Leve,18.0,F
83510127,19/10/16,RN,110,AREIA BRANCA,Outras,Atropelamento de animal,Com Vítimas Feridas,Plena noite,Ceu Claro,Simples,Rural,Motocicletas,Ferido Leve,22.0,M
83509274,20/10/16,RN,101,SAO JOSE DE MIPIBU,Falta de atenção,Colisão traseira,Sem Vítimas,Pleno dia,Ceu Claro,Dupla,Rural,Automóvel,Ileso,36.0,F
83509274,20/10/16,RN,101,SAO JOSE DE MIPIBU,Falta de atenção,Colisão traseira,Sem Vítimas,Pleno dia,Ceu Claro,Dupla,Rural,Caminhão-Trator,Ileso,35.0,M
83509266,20/10/16,RN,110,CAMPO GRANDE,Outras,Colisão traseira,Com Vítimas Fatais,Anoitecer,Ceu Claro,Simples,Rural,Motocicletas,Morto,64.0,M
83509266,20/10/16,RN,110,CAMPO GRANDE,Outras,Colisão traseira,Com Vítimas Fatais,Anoitecer,Ceu Claro,Simples,Rural,Caminhão,Ileso,21.0,M
83509266,20/10/16,RN,110,CAMPO GRANDE,Outras,Colisão traseira,Com Vítimas Fatais,Anoitecer,Ceu Claro,Simples,Rural,Caminhão,Ignorado,,I
83509275,20/10/16,RN,226,JANDUIS,Outras,Colisão lateral,Com Vítimas Feridas,Plena noite,Ceu Claro,Simples,Rural,Automóvel,Ileso,33.0,M
83509275,20/10/16,RN,226,JANDUIS,Outras,Colisão lateral,Com Vítimas Feridas,Plena noite,Ceu Claro,Simples,Rural,Carroça,Ferido Leve,,M
83509298,20/10/16,RN,101,GOIANINHA,Outras,Atropelamento de pessoa,Com Vítimas Feridas,Plena noite,Ceu Claro,Dupla,Urbano,Automóvel,Ileso,55.0,M
83509298,20/10/16,RN,101,GOIANINHA,Outras,Atropelamento de pessoa,Com Vítimas Feridas,Plena noite,Ceu Claro,Dupla,Urbano,,Ferido Leve,42.0,F
83510261,21/10/16,RN,101,SAO JOSE DE MIPIBU,Dormindo,Saída de Pista,Ignorado,Plena noite,Ceu Claro,Dupla,Rural,Caminhão-Trator,Ignorado,,I
83509550,21/10/16,RN,304,MOSSORO,Ingestão de álcool,Colisão lateral,Sem Vítimas,Plena noite,Ceu Claro,Dupla,Urbano,Caminhão,Ileso,64.0,M
83509550,21/10/16,RN,304,MOSSORO,Ingestão de álcool,Colisão lateral,Sem Vítimas,Plena noite,Ceu Claro,Dupla,Urbano,Caminhão-Trator,Ileso,62.0,M
83510536,22/10/16,RN,405,PAU DOS FERROS,Ingestão de álcool,Colisão lateral,Com Vítimas Feridas,Plena noite,Ceu Claro,Simples,Rural,Automóvel,Ileso,27.0,M
83510536,22/10/16,RN,405,PAU DOS FERROS,Ingestão de álcool,Colisão lateral,Com Vítimas Feridas,Plena noite,Ceu Claro,Simples,Rural,Automóvel,Ileso,,F
83510536,22/10/16,RN,405,PAU DOS FERROS,Ingestão de álcool,Colisão lateral,Com Vítimas Feridas,Plena noite,Ceu Claro,Simples,Rural,Automóvel,Ferido Leve,,F
83510536,22/10/16,RN,405,PAU DOS FERROS,Ingestão de álcool,Colisão lateral,Com Vítimas Feridas,Plena noite,Ceu Claro,Simples,Rural,Motocicletas,Ferido Grave,27.0,M
83510608,22/10/16,RN,226,NATAL,Outras,Colisão lateral,Com Vítimas Feridas,Pleno dia,Ceu Claro,Simples,Urbano,Motocicletas,Ileso,28.0,M
83510608,22/10/16,RN,226,NATAL,Outras,Colisão lateral,Com Vítimas Feridas,Pleno dia,Ceu Claro,Simples,Urbano,Motocicletas,Ferido Leve,20.0,M
83510608,22/10/16,RN,226,NATAL,Outras,Colisão lateral,Com Vítimas Feridas,Pleno dia,Ceu Claro,Simples,Urbano,Motocicletas,Ferido Leve,54.0,M
83509894,22/10/16,RN,405,MOSSORO,Outras,Colisão Transversal,Com Vítimas Feridas,Anoitecer,Ignorada,Simples,Urbano,Motocicletas,Ferido Grave,23.0,M
83509894,22/10/16,RN,405,MOSSORO,Outras,Colisão Transversal,Com Vítimas Feridas,Anoitecer,Ignorada,Simples,Urbano,Motocicletas,Ferido Grave,33.0,M
83509855,22/10/16,RN,406,SAO GONCALO DO AMARANTE,Ingestão de álcool,Colisão lateral,Sem Vítimas,Plena noite,Ceu Claro,Dupla,Rural,Automóvel,Ileso,46.0,M
83509855,22/10/16,RN,406,SAO GONCALO DO AMARANTE,Ingestão de álcool,Colisão lateral,Sem Vítimas,Plena noite,Ceu Claro,Dupla,Rural,Automóvel,Ileso,37.0,M
83510090,23/10/16,RN,304,MOSSORO,Outras,Colisão Transversal,Com Vítimas Feridas,Anoitecer,Ceu Claro,Dupla,Rural,Automóvel,Ileso,27.0,M
83510090,23/10/16,RN,304,MOSSORO,Outras,Colisão Transversal,Com Vítimas Feridas,Anoitecer,Ceu Claro,Dupla,Rural,Bicicleta,Ferido Grave,50.0,M
83513237,24/10/16,RN,406,CEARA-MIRIM,Outras,Colisão Transversal,Com Vítimas Feridas,Pleno dia,Ceu Claro,Simples,Urbano,Automóvel,Ferido Grave,17.0,M
83513237,24/10/16,RN,406,CEARA-MIRIM,Outras,Colisão Transversal,Com Vítimas Feridas,Pleno dia,Ceu Claro,Simples,Urbano,Ônibus,Ileso,35.0,M
83510343,24/10/16,RN,304,PARNAMIRIM,Falta de atenção,Colisão traseira,Com Vítimas Feridas,Pleno dia,Ceu Claro,Dupla,Rural,Motocicletas,Ferido Leve,31.0,M
83510343,24/10/16,RN,304,PARNAMIRIM,Falta de atenção,Colisão traseira,Com Vítimas Feridas,Pleno dia,Ceu Claro,Dupla,Rural,Utilitário,Ileso,77.0,M
83510307,24/10/16,RN,101,NATAL,Defeito mecânico em veículo,Colisão traseira,Com Vítimas Feridas,Pleno dia,Nublado,Múltipla,Urbano,Motocicletas,Ileso,45.0,M
83510307,24/10/16,RN,101,NATAL,Defeito mecânico em veículo,Colisão traseira,Com Vítimas Feridas,Pleno dia,Nublado,Múltipla,Urbano,Caminhonete,Ileso,42.0,M
83510307,24/10/16,RN,101,NATAL,Defeito mecânico em veículo,Colisão traseira,Com Vítimas Feridas,Pleno dia,Nublado,Múltipla,Urbano,Motocicletas,Ferido Leve,22.0,M
83510253,24/10/16,RN,427,CAICO,Falta de atenção,Colisão traseira,Sem Vítimas,Pleno dia,Sol,Simples,Urbano,Caminhonete,Ileso,60.0,M
83510253,24/10/16,RN,427,CAICO,Falta de atenção,Colisão traseira,Sem Vítimas,Pleno dia,Sol,Simples,Urbano,Automóvel,Ileso,42.0,M
83510376,24/10/16,RN,101,SAO GONCALO DO AMARANTE,Desobediência à sinalização,Colisão Transversal,Com Vítimas Feridas,Pleno dia,Sol,Dupla,Urbano,Motoneta,Ferido Grave,22.0,M
83510376,24/10/16,RN,101,SAO GONCALO DO AMARANTE,Desobediência à sinalização,Colisão Transversal,Com Vítimas Feridas,Pleno dia,Sol,Dupla,Urbano,Automóvel,Ignorado,,I
83510392,24/10/16,RN,427,CAICO,Defeito na via,Saída de Pista,Com Vítimas Feridas,Anoitecer,Ceu Claro,Simples,Rural,Caminhonete,Ferido Grave,83.0,M
83510401,24/10/16,RN,304,MOSSORO,Falta de atenção,Colisão traseira,Com Vítimas Feridas,Plena noite,Ceu Claro,Dupla,Urbano,Automóvel,Ferido Leve,,M
83510401,24/10/16,RN,304,MOSSORO,Falta de atenção,Colisão traseira,Com Vítimas Feridas,Plena noite,Ceu Claro,Dupla,Urbano,Caminhonete,Ileso,,F
83510491,25/10/16,RN,304,MOSSORO,Desobediência à sinalização,Colisão traseira,Com Vítimas Feridas,Pleno dia,Ceu Claro,Dupla,Urbano,Automóvel,Ileso,67.0,M
83510491,25/10/16,RN,304,MOSSORO,Desobediência à sinalização,Colisão traseira,Com Vítimas Feridas,Pleno dia,Ceu Claro,Dupla,Urbano,Motocicletas,Ferido Leve,,F
83510535,25/10/16,RN,110,MOSSORO,Outras,Colisão Transversal,Sem Vítimas,Pleno dia,Ceu Claro,Dupla,Urbano,Caminhão,Ileso,37.0,M
83510535,25/10/16,RN,110,MOSSORO,Outras,Colisão Transversal,Sem Vítimas,Pleno dia,Ceu Claro,Dupla,Urbano,Caminhão,Ileso,30.0,M