id,data_inversa,uf,br,municipio,causa_acidente,tipo_acidente,classificacao_acidente,fase_dia,condicao_metereologica,tipo_pista,uso_solo,tipo_veiculo,estado_fisico,idade,sexo
83524564,15/12/16,RN,304,SANTA MARIA,Não guardar distância de segurança,Colisão traseira,Com Vítimas Feridas,Pleno dia,Ceu Claro,Simples,Rural,Caminhão,Ileso,51.0,M
83524564,15/12/16,RN,304,SANTA MARIA,Não guardar distância de segurança,Colisão traseira,Com Vítimas Feridas,Pleno dia,Ceu Claro,Simples,Rural,Caminhão,Ileso,30.0,M
83524564,15/12/16,RN,304,SANTA MARIA,Não guardar distância de segurança,Colisão traseira,Com Vítimas Feridas,Pleno dia,Ceu Claro,Simples,Rural,Caminhão,Ferido Leve,,M
83525499,15/12/16,RN,304,LAJES,Dormindo,Saída de Pista,Com Vítimas Feridas,Pleno dia,Sol,Simples,Rural,Automóvel,Ferido Leve,44.0,F
83524657,16/12/16,RN,110,CAMPO GRANDE,Outras,Capotamento,Com Vítimas Feridas,Pleno dia,Ceu Claro,Simples,Rural,Caminhão,Ferido Leve,39.0,M
83524657,16/12/16,RN,110,CAMPO GRANDE,Outras,Capotamento,Com Vítimas Feridas,Pleno dia,Ceu Claro,Simples,Rural,Automóvel,Ignorado,,I
83524838,16/12/16,RN,226,SANTA CRUZ,Defeito na via,Capotamento,Com Vítimas Feridas,Pleno dia,Ceu Claro,Simples,Rural,Automóvel,Ferido Grave,28.0,F
83524732,16/12/16,RN,406,SAO GONCALO DO AMARANTE,Outras,Colisão traseira,Sem Vítimas,Plena noite,Ceu Claro,Dupla,Urbano,Automóvel,Ileso,36.0,F
83524732,16/12/16,RN,406,SAO GONCALO DO AMARANTE,Outras,Colisão traseira,Sem Vítimas,Plena noite,Ceu Claro,Dupla,Urbano,Motocicletas,Ileso,51.0,M
83524879,17/12/16,RN,427,CAICO,Ingestão de álcool,Saída de Pista,Com Vítimas Feridas,Plena noite,Nublado,Simples,Urbano,Motocicletas,Ferido Grave,30.0,M
83524964,17/12/16,RN,101,PARNAMIRIM,Desobediência à sinalização,Colisão Transversal,Com Vítimas Feridas,Pleno dia,Ceu Claro,Dupla,Urbano,Automóvel,Ileso,36.0,F
83524964,17/12/16,RN,101,PARNAMIRIM,Desobediência à sinalização,Colisão Transversal,Com Vítimas Feridas,Pleno dia,Ceu Claro,Dupla,Urbano,Motocicletas,Ferido Leve,32.0,M
83524944,17/12/16,RN,427,CAICO,Outras,Colisão Transversal,Com Vítimas Feridas,Pleno dia,Ceu Claro,Simples,Urbano,Automóvel,Ileso,61.0,M
83524944,17/12/16,RN,427,CAICO,Outras,Colisão Transversal,Com Vítimas Feridas,Pleno dia,Ceu Claro,Simples,Urbano,Motocicletas,Ferido Grave,32.0,M
83525039,17/12/16,RN,101,PARNAMIRIM,Falta de atenção,Colisão Transversal,Com Vítimas Feridas,Pleno dia,Ceu Claro,Dupla,Urbano,Motocicletas,Ferido Leve,,M
83525039,17/12/16,RN,101,PARNAMIRIM,Falta de atenção,Colisão Transversal,Com Vítimas Feridas,Pleno dia,Ceu Claro,Dupla,Urbano,Motocicletas,Ileso,,M
83526034,17/12/16,RN,226,MACAIBA,Defeito mecânico em veículo,Colisão lateral,Com Vítimas Feridas,Pleno dia,Ceu Claro,Simples,Urbano,Automóvel,Ileso,51.0,M
83526034,17/12/16,RN,226,MACAIBA,Defeito mecânico em veículo,Colisão lateral,Com Vítimas Feridas,Pleno dia,Ceu Claro,Simples,Urbano,Bicicleta,Ferido Grave,,M
83524970,17/12/16,RN,101,NATAL,Outras,Colisão lateral,Com Vítimas Feridas,Pleno dia,Ceu Claro,Dupla,Urbano,Automóvel,Ileso,24.0,M
83524970,17/12/16,RN,101,NATAL,Outras,Colisão lateral,Com Vítimas Feridas,Pleno dia,Ceu Claro,Dupla,Urbano,Motoneta,Ferido Leve,23.0,F
83526725,17/12/16,RN,304,MOSSORO,Defeito na via,Saída de Pista,Com Vítimas Feridas,Pleno dia,Chuva,Dupla,Urbano,Utilitário,Ferido Leve,31.0,F
83526072,18/12/16,RN,427,ACARI,Dormindo,Capotamento,Com Vítimas Fatais,Amanhecer,Ceu Claro,Simples,Rural,Automóvel,Morto,,M
83526355,18/12/16,RN,101,SAO GONCALO DO AMARANTE,Outras,Queda de motocicleta / bicicleta / veículo,Com Vítimas Feridas,Pleno dia,Sol,Dupla,Urbano,Motocicletas,Ferido Leve,23.0,M
83526046,18/12/16,RN,304,NATAL,Outras,Colisão traseira,Com Vítimas Feridas,Pleno dia,Sol,Simples,Rural,Automóvel,Ileso,32.0,F
83526046,18/12/16,RN,304,NATAL,Outras,Colisão traseira,Com Vítimas Feridas,Pleno dia,Sol,Simples,Rural,Motocicletas,Ferido Leve,30.0,M
83525307,18/12/16,RN,101,SAO GONCALO DO AMARANTE,Falta de atenção,Colisão traseira,Sem Vítimas,Pleno dia,Ceu Claro,Dupla,Urbano,Automóvel,Ileso,32.0,M
83525307,18/12/16,RN,101,SAO GONCALO DO AMARANTE,Falta de atenção,Colisão traseira,Sem Vítimas,Pleno dia,Ceu Claro,Dupla,Urbano,Automóvel,Ileso,32.0,M
83525307,18/12/16,RN,101,SAO GONCALO DO AMARANTE,Falta de atenção,Colisão traseira,Sem Vítimas,Pleno dia,Ceu Claro,Dupla,Urbano,Automóvel,Ileso,41.0,M
83525307,18/12/16,RN,101,SAO GONCALO DO AMARANTE,Falta de atenção,Colisão traseira,Sem Vítimas,Pleno dia,Ceu Claro,Dupla,Urbano,Automóvel,Ileso,45.0,M
83525380,18/12/16,RN,101,SAO GONCALO DO AMARANTE,Outras,Atropelamento de pessoa,Com Vítimas Feridas,Plena noite,Nublado,Dupla,Urbano,Automóvel,Ileso,26.0,M
83525380,18/12/16,RN,101,SAO GONCALO DO AMARANTE,Outras,Atropelamento de pessoa,Com Vítimas Feridas,Plena noite,Nublado,Dupla,Urbano,,Ferido Grave,46.0,M
83525382,18/12/16,RN,304,MOSSORO,Outras,Colisão Transversal,Com Vítimas Feridas,Plena noite,Chuva,Dupla,Rural,Automóvel,Ileso,26.0,F
83525382,18/12/16,RN,304,MOSSORO,Outras,Colisão Transversal,Com Vítimas Feridas,Plena noite,Chuva,Dupla,Rural,Motocicletas,Ferido Grave,22.0,M
83525387,18/12/16,RN,304,ASSU,Outras,Colisão frontal,Com Vítimas Fatais,Plena noite,Chuva,Simples,Rural,Motocicletas,Morto,45.0,M
83525387,18/12/16,RN,304,ASSU,Outras,Colisão frontal,Com Vítimas Fatais,Plena noite,Chuva,Simples,Rural,Caminhão-Trator,Ileso,59.0,M
83525753,19/12/16,RN,304,MOSSORO,Animais na Pista,Capotamento,Com Vítimas Feridas,Plena noite,Nublado,Simples,Rural,Automóvel,Ferido Leve,36.0,M
83527264,19/12/16,RN,406,CEARA-MIRIM,Outras,Colisão frontal,Com Vítimas Fatais,Plena noite,Ceu Claro,Simples,Rural,Automóvel,Ileso,53.0,M
83527264,19/12/16,RN,406,CEARA-MIRIM,Outras,Colisão frontal,Com Vítimas Fatais,Plena noite,Ceu Claro,Simples,Rural,Caminhão,Ileso,,I
83527264,19/12/16,RN,406,CEARA-MIRIM,Outras,Colisão frontal,Com Vítimas Fatais,Plena noite,Ceu Claro,Simples,Rural,Ciclomotor,Morto,34.0,M
83525528,19/12/16,RN,101,EXTREMOZ,Defeito mecânico em veículo,Colisão frontal,Com Vítimas Fatais,Pleno dia,Nublado,Simples,Urbano,Automóvel,Morto,54.0,M
83525528,19/12/16,RN,101,EXTREMOZ,Defeito mecânico em veículo,Colisão frontal,Com Vítimas Fatais,Pleno dia,Nublado,Simples,Urbano,Caminhonete,Ferido Leve,43.0,M
83525528,19/12/16,RN,101,EXTREMOZ,Defeito mecânico em veículo,Colisão frontal,Com Vítimas Fatais,Pleno dia,Nublado,Simples,Urbano,Caminhonete,Ferido Leve,,F
83525528,19/12/16,RN,101,EXTREMOZ,Defeito mecânico em veículo,Colisão frontal,Com Vítimas Fatais,Pleno dia,Nublado,Simples,Urbano,Caminhonete,Ferido Leve,,F
83525528,19/12/16,RN,101,EXTREMOZ,Defeito mecânico em veículo,Colisão frontal,Com Vítimas Fatais,Pleno dia,Nublado,Simples,Urbano,Caminhonete,Ferido Leve,,M
83526785,19/12/16,RN,101,CANGUARETAMA,Desobediência à sinalização,Colisão traseira,Com Vítimas Feridas,Pleno dia,Ceu Claro,Dupla,Rural,Automóvel,Ferido Leve,38.0,M
83526785,19/12/16,RN,101,CANGUARETAMA,Desobediência à sinalização,Colisão traseira,Com Vítimas Feridas,Pleno dia,Ceu Claro,Dupla,Rural,Caminhão,Ileso,37.0,M
83528470,19/12/16,RN,406,JOAO CAMARA,Falta de atenção,Colisão traseira,Sem Vítimas,Pleno dia,Ceu Claro,Simples,Rural,Caminhonete,Ileso,48.0,M
83528470,19/12/16,RN,406,JOAO CAMARA,Falta de atenção,Colisão traseira,Sem Vítimas,Pleno dia,Ceu Claro,Simples,Rural,Automóvel,Ileso,31.0,M
83525891,19/12/16,RN,101,NATAL,Falta de atenção,Atropelamento de pessoa,Com Vítimas Feridas,Plena noite,Ceu Claro,Dupla,Urbano,Motocicletas,Ferido Grave,44.0,M
83525891,19/12/16,RN,101,NATAL,Falta de atenção,Atropelamento de pessoa,Com Vítimas Feridas,Plena noite,Ceu Claro,Dupla,Urbano,,Ferido Grave,54.0,M
83525752,20/12/16,RN,304,MOSSORO,Falta de atenção,Colisão Transversal,Com Vítimas Feridas,Pleno dia,Ceu Claro,Dupla,Rural,Motocicletas,Ferido Grave,27.0,M
83525752,20/12/16,RN,304,MOSSORO,Falta de atenção,Colisão Transversal,Com Vítimas Feridas,Pleno dia,Ceu Claro,Dupla,Rural,Motocicletas,Ferido Grave,29.0,M
83525849,20/12/16,RN,226,NATAL,Falta de atenção,Colisão lateral,Com Vítimas Feridas,Pleno dia,Nublado,Dupla,Urbano,Caminhão-Trator,Ileso,39.0,M
83525849,20/12/16,RN,226,NATAL,Falta de atenção,Colisão lateral,Com Vítimas Feridas,Pleno dia,Nublado,Dupla,Urbano,Motocicletas,Ferido Leve,32.0,M
83525901,20/12/16,RN,304,MOSSORO,Outras,Colisão lateral,Com Vítimas Feridas,Plena noite,Ceu Claro,Dupla,Urbano,Ciclomotor,Ferido Leve,30.0,F
83525901,20/12/16,RN,304,MOSSORO,Outras,Colisão lateral,Com Vítimas Feridas,Plena noite,Ceu Claro,Dupla,Urbano,Motocicletas,Ileso,29.0,M
83525905,20/12/16,RN,101,NATAL,Outras,Colisão traseira,Com Vítimas Feridas,Anoitecer,Vento,Dupla,Urbano,Automóvel,Ileso,44.0,M
83525905,20/12/16,RN,101,NATAL,Outras,Colisão traseira,Com Vítimas Feridas,Anoitecer,Vento,Dupla,Urbano,Motocicletas,Ferido Leve,38.0,M
83526087,21/12/16,RN,101,CEARA-MIRIM,Falta de atenção,Colisão Transversal,Com Vítimas Feridas,Pleno dia,Ceu Claro,Simples,Rural,Motocicletas,Ferido Grave,47.0,M
83526087,21/12/16,RN,101,CEARA-MIRIM,Falta de atenção,Colisão Transversal,Com Vítimas Feridas,Pleno dia,Ceu Claro,Simples,Rural,Automóvel,Ileso,,M
83526871,21/12/16,RN,110,MOSSORO,Defeito mecânico em veículo,Capotamento,Com Vítimas Feridas,Pleno dia,Sol,Simples,Rural,Caminhonete,Ferido Leve,25.0,M
83526871,21/12/16,RN,110,MOSSORO,Defeito mecânico em veículo,Capotamento,Com Vítimas Feridas,Pleno dia,Sol,Simples,Rural,Caminhonete,Ferido Leve,41.0,M
83526187,21/12/16,RN,110,MOSSORO,Outras,Colisão lateral,Com Vítimas Fatais,Anoitecer,Nublado,Simples,Urbano,Motocicletas,Morto,70.0,M
83526187,21/12/16,RN,110,MOSSORO,Outras,Colisão lateral,Com Vítimas Fatais,Anoitecer,Nublado,Simples,Urbano,Bicicleta,Ignorado,,I
83528793,21/12/16,RN,101,PARNAMIRIM,Não guardar distância de segurança,Saída de Pista,Com Vítimas Feridas,Plena noite,Chuva,Dupla,Urbano,Caminhão,Ferido Leve,32.0,M
83526384,22/12/16,RN,304,LAJES,Ultrapassagem indevida,Colisão frontal,Sem Vítimas,Pleno dia,Chuva,Simples,Rural,Automóvel,Ileso,33.0,M
83526384,22/12/16,RN,304,LAJES,Ultrapassagem indevida,Colisão frontal,Sem Vítimas,Pleno dia,Chuva,Simples,Rural,Caminhão-Trator,Ileso,42.0,M
83526475,22/12/16,RN,427,ACARI,Outras,Capotamento,Com Vítimas Feridas,Pleno dia,Ceu Claro,Simples,Rural,Caminhão-Trator,Ferido Leve,29.0,M
83527703,23/12/16,RN,304,CAICARA DO RIO DO VENTO,Falta de atenção,Atropelamento de pessoa,Com Vítimas Fatais,Plena noite,Nublado,Simples,Urbano,Caminhão,Ignorado,,I
83527703,23/12/16,RN,304,CAICARA DO RIO DO VENTO,Falta de atenção,Atropelamento de pessoa,Com Vítimas Fatais,Plena noite,Nublado,Simples,Urbano,,Morto,64.0,M
83527985,23/12/16,RN,226,SERRA CAIADA,Outras,Colisão frontal,Com Vítimas Feridas,Plena noite,Ceu Claro,Simples,Rural,Automóvel,Ileso,61.0,M
83527985,23/12/16,RN,226,SERRA CAIADA,Outras,Colisão frontal,Com Vítimas Feridas,Plena noite,Ceu Claro,Simples,Rural,Motocicletas,Ferido Leve,,M
83527073,24/12/16,RN,304,MOSSORO,Falta de atenção,Colisão lateral,Com Vítimas Feridas,Pleno dia,Ceu Claro,Simples,Rural,Automóvel,Ileso,37.0,M
83527073,24/12/16,RN,304,MOSSORO,Falta de atenção,Colisão lateral,Com Vítimas Feridas,Pleno dia,Ceu Claro,Simples,Rural,Motocicletas,Ferido Grave,36.0,F
83527073,24/12/16,RN,304,MOSSORO,Falta de atenção,Colisão lateral,Com Vítimas Feridas,Pleno dia,Ceu Claro,Simples,Rural,Motocicletas,Ferido Leve,18.0,F
83527295,24/12/16,RN,226,PAU DOS FERROS,Outras,Saída de Pista,Com Vítimas Fatais,Pleno dia,Ceu Claro,Simples,Rural,Motocicletas,Ferido Grave,40.0,M
83527295,24/12/16,RN,226,PAU DOS FERROS,Outras,Saída de Pista,Com Vítimas Fatais,Pleno dia,Ceu Claro,Simples,Rural,Motocicletas,Morto,36.0,F
83527265,24/12/16,RN,226,CURRAIS NOVOS,Falta de atenção,Colisão Transversal,Com Vítimas Feridas,Plena noite,Ceu Claro,Simples,Rural,Automóvel,Ileso,52.0,M
83527265,24/12/16,RN,226,CURRAIS NOVOS,Falta de atenção,Colisão Transversal,Com Vítimas Feridas,Plena noite,Ceu Claro,Simples,Rural,Ciclomotor,Ferido Leve,30.0,M
83527298,24/12/16,RN,304,MOSSORO,Outras,Colisão lateral,Com Vítimas Fatais,Plena noite,Ceu Claro,Dupla,Urbano,Ciclomotor,Morto,45.0,M
83527298,24/12/16,RN,304,MOSSORO,Outras,Colisão lateral,Com Vítimas Fatais,Plena noite,Ceu Claro,Dupla,Urbano,Utilitário,Ignorado,,I
83528587,25/12/16,RN,101,PARNAMIRIM,Ingestão de álcool,Colisão traseira,Sem Vítimas,Pleno dia,Ceu Claro,Dupla,Urbano,Caminhonete,Ileso,28.0,M
83528587,25/12/16,RN,101,PARNAMIRIM,Ingestão de álcool,Colisão traseira,Sem Vítimas,Pleno dia,Ceu Claro,Dupla,Urbano,Automóvel,Ileso,53.0,F
83528723,25/12/16,RN,101,PARNAMIRIM,Ingestão de álcool,Colisão Transversal,Com Vítimas Feridas,Pleno dia,Ceu Claro,Dupla,Urbano,Motoneta,Ferido Leve,48.0,M
83528723,25/12/16,RN,101,PARNAMIRIM,Ingestão de álcool,Colisão Transversal,Com Vítimas Feridas,Pleno dia,Ceu Claro,Dupla,Urbano,Automóvel,Ignorado,,I
83528052,25/12/16,RN,304,MACAIBA,Não guardar distância de segurança,Colisão traseira,Com Vítimas Feridas,Pleno dia,Ceu Claro,Simples,Rural,Automóvel,Ileso,42.0,M
83528052,25/12/16,RN,304,MACAIBA,Não guardar distância de segurança,Colisão traseira,Com Vítimas Feridas,Pleno dia,Ceu Claro,Simples,Rural,Automóvel,Ileso,74.0,M
83528052,25/12/16,RN,304,MACAIBA,Não guardar distância de segurança,Colisão traseira,Com Vítimas Feridas,Pleno dia,Ceu Claro,Simples,Rural,Automóvel,Ferido Leve,,F
83528052,25/12/16,RN,304,MACAIBA,Não guardar distância de segurança,Colisão traseira,Com Vítimas Feridas,Pleno dia,Ceu Claro,Simples,Rural,Automóvel,Ferido Leve,,F
83528674,25/12/16,RN,226,SERRA CAIADA,Outras,Capotamento,Com Vítimas Feridas,Plena noite,Ceu Claro,Simples,Rural,Caminhão,Ileso,,M
83528674,25/12/16,RN,226,SERRA CAIADA,Outras,Capotamento,Com Vítimas Feridas,Plena noite,Ceu Claro,Simples,Rural,Caminhonete,Ileso,41.0,M
83528674,25/12/16,RN,226,SERRA CAIADA,Outras,Capotamento,Com Vítimas Feridas,Plena noite,Ceu Claro,Simples,Rural,Caminhonete,Ferido Grave,33.0,M
83529661,26/12/16,RN,304,MOSSORO,Animais na Pista,Capotamento,Com Vítimas Feridas,Plena noite,Ceu Claro,Simples,Urbano,Automóvel,Ileso,22.0,M
83529661,26/12/16,RN,304,MOSSORO,Animais na Pista,Capotamento,Com Vítimas Feridas,Plena noite,Ceu Claro,Simples,Urbano,Automóvel,Ferido Leve,20.0,M
83529661,26/12/16,RN,304,MOSSORO,Animais na Pista,Capotamento,Com Vítimas Feridas,Plena noite,Ceu Claro,Simples,Urbano,Automóvel,Ferido Leve,17.0,M
83529661,26/12/16,RN,304,MOSSORO,Animais na Pista,Capotamento,Com Vítimas Feridas,Plena noite,Ceu Claro,Simples,Urbano,Automóvel,Ileso,23.0,M
83527777,26/12/16,RN,101,SAO GONCALO DO AMARANTE,Falta de atenção,Colisão traseira,Com Vítimas Feridas,Pleno dia,Ceu Claro,Dupla,Urbano,Motocicletas,Ferido Leve,37.0,M
83527777,26/12/16,RN,101,SAO GONCALO DO AMARANTE,Falta de atenção,Colisão traseira,Com Vítimas Feridas,Pleno dia,Ceu Claro,Dupla,Urbano,Automóvel,Ileso,41.0,M
83529659,26/12/16,RN,226,MACAIBA,Velocidade incompatível,Colisão Transversal,Com Vítimas Feridas,Plena noite,Ceu Claro,Simples,Urbano,Automóvel,Ileso,48.0,M
83529659,26/12/16,RN,226,MACAIBA,Velocidade incompatível,Colisão Transversal,Com Vítimas Feridas,Plena noite,Ceu Claro,Simples,Urbano,Motocicletas,Ferido Grave,20.0,M
83528222,27/12/16,RN,101,PARNAMIRIM,Não guardar distância de segurança,Colisão traseira,Sem Vítimas,Pleno dia,Ceu Claro,Múltipla,Urbano,Automóvel,Ileso,29.0,M
83528222,27/12/16,RN,101,PARNAMIRIM,Não guardar distância de segurança,Colisão traseira,Sem Vítimas,Pleno dia,Ceu Claro,Múltipla,Urbano,Automóvel,Ileso,27.0,F
83528222,27/12/16,RN,101,PARNAMIRIM,Não guardar distância de segurança,Colisão traseira,Sem Vítimas,Pleno dia,Ceu Claro,Múltipla,Urbano,Caminhonete,Ileso,48.0,M
83528237,27/12/16,RN,406,CEARA-MIRIM,Outras,Saída de Pista,Com Vítimas Fatais,Plena noite,Ceu Claro,Simples,Urbano,Motocicletas,Morto,21.0,M
83529653,28/12/16,RN,101,SAO GONCALO DO AMARANTE,Outras,Colisão lateral,Sem Vítimas,Pleno dia,Sol,Dupla,Urbano,Caminhão-Trator,Ileso,35.0,M
83529653,28/12/16,RN,101,SAO GONCALO DO AMARANTE,Outras,Colisão lateral,Sem Vítimas,Pleno dia,Sol,Dupla,Urbano,Automóvel,Ileso,37.0,M
83529575,28/12/16,RN,101,NATAL,Falta de atenção,Atropelamento de pessoa,Com Vítimas Feridas,Pleno dia,Ceu Claro,Simples,Urbano,Motocicletas,Ileso,21.0,M
83529575,28/12/16,RN,101,NATAL,Falta de atenção,Atropelamento de pessoa,Com Vítimas Feridas,Pleno dia,Ceu Claro,Simples,Urbano,,Ferido Leve,37.0,F
83528413,28/12/16,RN,226,SERRA CAIADA,Velocidade incompatível,Capotamento,Com Vítimas Feridas,Pleno dia,Chuva,Simples,Rural,Automóvel,Ferido Leve,38.0,M
83528538,28/12/16,RN,101,NATAL,Não guardar distância de segurança,Colisão traseira,Com Vítimas Feridas,Pleno dia,Nublado,Dupla,Urbano,Automóvel,Ileso,63.0,M
83528538,28/12/16,RN,101,NATAL,Não guardar distância de segurança,Colisão traseira,Com Vítimas Feridas,Pleno dia,Nublado,Dupla,Urbano,Motocicletas,Ferido Grave,23.0,M
83528451,28/12/16,RN,101,PARNAMIRIM,Desobediência à sinalização,Colisão com bicicleta,Com Vítimas Feridas,Pleno dia,Ceu Claro,Dupla,Urbano,Bicicleta,Ferido Leve,25.0,M
83528451,28/12/16,RN,101,PARNAMIRIM,Desobediência à sinalização,Colisão com bicicleta,Com Vítimas Feridas,Pleno dia,Ceu Claro,Dupla,Urbano,Caminhão,Ignorado,,I
83528540,28/12/16,RN,226,NATAL,Não guardar distância de segurança,Colisão traseira,Com Vítimas Feridas,Pleno dia,Nublado,Simples,Urbano,Caminhão,Ileso,32.0,M
83528540,28/12/16,RN,226,NATAL,Não guardar distância de segurança,Colisão traseira,Com Vítimas Feridas,Pleno dia,Nublado,Simples,Urbano,Caminhonete,Ileso,41.0,M
83528540,28/12/16,RN,226,NATAL,Não guardar distância de segurança,Colisão traseira,Com Vítimas Feridas,Pleno dia,Nublado,Simples,Urbano,Automóvel,Ileso,52.0,M
83528540,28/12/16,RN,226,NATAL,Não guardar distância de segurança,Colisão traseira,Com Vítimas Feridas,Pleno dia,Nublado,Simples,Urbano,Motocicletas,Ferido Grave,38.0,M
83528540,28/12/16,RN,226,NATAL,Não guardar distância de segurança,Colisão traseira,Com Vítimas Feridas,Pleno dia,Nublado,Simples,Urbano,Motocicletas,Ferido Leve,,F
83528510,28/12/16,RN,101,EXTREMOZ,Falta de atenção,Colisão lateral,Com Vítimas Feridas,Pleno dia,Ceu Claro,Simples,Rural,Automóvel,Ileso,61.0,M
83528510,28/12/16,RN,101,EXTREMOZ,Falta de atenção,Colisão lateral,Com Vítimas Feridas,Pleno dia,Ceu Claro,Simples,Rural,Motocicletas,Ferido Leve,32.0,M
83528509,28/12/16,RN,101,NATAL,Velocidade incompatível,Colisão traseira,Com Vítimas Feridas,Plena noite,Chuva,Dupla,Urbano,Automóvel,Ileso,45.0,M
83528509,28/12/16,RN,101,NATAL,Velocidade incompatível,Colisão traseira,Com Vítimas Feridas,Plena noite,Chuva,Dupla,Urbano,Motocicletas,Ferido Grave,24.0,M
83528537,29/12/16,RN,406,SAO GONCALO DO AMARANTE,Outras,Queda de motocicleta / bicicleta / veículo,Com Vítimas Feridas,Plena noite,Chuva,Dupla,Urbano,Motocicletas,Ferido Grave,28.0,M
83529822,29/12/16,RN,406,SAO GONCALO DO AMARANTE,Outras,Colisão Transversal,Com Vítimas Feridas,Pleno dia,Ceu Claro,Dupla,Urbano,Motocicletas,Ferido Leve,31.0,M
83529822,29/12/16,RN,406,SAO GONCALO DO AMARANTE,Outras,Colisão Transversal,Com Vítimas Feridas,Pleno dia,Ceu Claro,Dupla,Urbano,Motocicletas,Ferido Leve,23.0,F
83529822,29/12/16,RN,406,SAO GONCALO DO AMARANTE,Outras,Colisão Transversal,Com Vítimas Feridas,Pleno dia,Ceu Claro,Dupla,Urbano,Caminhão,Ileso,30.0,M
83529693,29/12/16,RN,101,SAO GONCALO DO AMARANTE,Outras,Colisão traseira,Com Vítimas Feridas,Pleno dia,Ceu Claro,Simples,Urbano,Automóvel,Ileso,32.0,M
83529693,29/12/16,RN,101,SAO GONCALO DO AMARANTE,Outras,Colisão traseira,Com Vítimas Feridas,Pleno dia,Ceu Claro,Simples,Urbano,Motocicletas,Ferido Leve,36.0,M
83529693,29/12/16,RN,101,SAO GONCALO DO AMARANTE,Outras,Colisão traseira,Com Vítimas Feridas,Pleno dia,Ceu Claro,Simples,Urbano,Automóvel,Ileso,31.0,M
83529693,29/12/16,RN,101,SAO GONCALO DO AMARANTE,Outras,Colisão traseira,Com Vítimas Feridas,Pleno dia,Ceu Claro,Simples,Urbano,Automóvel,Ileso,22.0,F
83528971,30/12/16,RN,304,MOSSORO,Falta de atenção,Colisão Transversal,Com Vítimas Feridas,Pleno dia,Ceu Claro,Dupla,Urbano,Automóvel,Ileso,22.0,M
83528971,30/12/16,RN,304,MOSSORO,Falta de atenção,Colisão Transversal,Com Vítimas Feridas,Pleno dia,Ceu Claro,Dupla,Urbano,Ciclomotor,Ferido Leve,25.0,F
83528971,30/12/16,RN,304,MOSSORO,Falta de atenção,Colisão Transversal,Com Vítimas Feridas,Pleno dia,Ceu Claro,Dupla,Urbano,Ciclomotor,Ferido Leve,18.0,M
83529587,30/12/16,RN,304,MOSSORO,Falta de atenção,Colisão Transversal,Com Vítimas Feridas,Pleno dia,Ceu Claro,Dupla,Urbano,Caminhonete,Ferido Leve,58.0,F
83529587,30/12/16,RN,304,MOSSORO,Falta de atenção,Colisão Transversal,Com Vítimas Feridas,Pleno dia,Ceu Claro,Dupla,Urbano,Caminhão,Ferido Leve,35.0,M
83529588,30/12/16,RN,110,CAMPO GRANDE,Defeito mecânico em veículo,Incêndio,Com Vítimas Feridas,Pleno dia,Ceu Claro,Simples,Rural,Caminhão-Trator,Ferido Leve,50.0,M
83529146,30/12/16,RN,427,CURRAIS NOVOS,Animais na Pista,Atropelamento de animal,Com Vítimas Feridas,Plena noite,Ceu Claro,Simples,Urbano,Motocicletas,Ferido Leve,35.0,M
83529159,31/12/16,RN,101,PARNAMIRIM,Velocidade incompatível,Capotamento,Com Vítimas Feridas,Plena noite,Ceu Claro,Dupla,Rural,Automóvel,Ferido Leve,,M
83529604,31/12/16,RN,101,SAO JOSE DE MIPIBU,Outras,Atropelamento de pessoa,Com Vítimas Fatais,Plena noite,Ceu Claro,Simples,Urbano,Não identificado,Ignorado,,I
83529604,31/12/16,RN,101,SAO JOSE DE MIPIBU,Outras,Atropelamento de pessoa,Com Vítimas Fatais,Plena noite,Ceu Claro,Simples,Urbano,,Morto,,M
83529342,31/12/16,RN,304,MACAIBA,Falta de atenção,Atropelamento de pessoa,Com Vítimas Fatais,Pleno dia,Ceu Claro,Dupla,Urbano,Ônibus,Ileso,53.0,M
83529342,31/12/16,RN,304,MACAIBA,Falta de atenção,Atropelamento de pessoa,Com Vítimas Fatais,Pleno dia,Ceu Claro,Dupla,Urbano,,Morto,46.0,M
83529674,31/12/16,RN,110,MOSSORO,Desobediência à sinalização,Colisão Transversal,Com Vítimas Feridas,Pleno dia,Ceu Claro,Simples,Urbano,Automóvel,Ileso,33.0,F
83529674,31/12/16,RN,110,MOSSORO,Desobediência à sinalização,Colisão Transversal,Com Vítimas Feridas,Pleno dia,Ceu Claro,Simples,Urbano,Motocicletas,Ferido Leve,,F
83529674,31/12/16,RN,110,MOSSORO,Desobediência à sinalização,Colisão Transversal,Com Vítimas Feridas,Pleno dia,Ceu Claro,Simples,Urbano,Motocicletas,Ferido Grave,,M
83529651,31/12/16,RN,110,MOSSORO,Animais na Pista,Capotamento,Sem Vítimas,Plena noite,Ceu Claro,Simples,Rural,Automóvel,Ileso,31.0,M